"ad_diff_vs","base_cogs","base_cogs_sku","base_consumer_price","base_distributor_margin","base_distributor_margin_value","base_distributor_sales","base_gross_net","base_gross_net_value","base_gross_sales","base_gross_sales_per_sku","base_net_sales","base_net_sales_per_sku","base_price","base_price_to_retailer","base_retailer_margin","base_retailer_margin_value","base_sales_margin_per_sku","base_sales_margin_percent","base_sales_margin_value","base_size","base_sop","base_value_sales","base_value_share","base_vat","base_volume","base_volume_share","base_wd","cogs_index","company","diff_value_sales","diff_vs","distributor_margin_value_index","distributor_sales_index","gross_net_value_index","gross_sales_index","group_brand","group_manufacturer","group_segments","group_size","group_sub_brand","id","index_volume_share","is_active","net_sales_index","new_cogs","new_cogs_sku","new_consumer_price","new_distributor_margin","new_distributor_margin_value","new_distributor_sales","new_gross_net","new_gross_net_value","new_gross_sales","new_gross_sales_per_sku","new_net_sales","new_net_sales_per_sku","new_price","new_price_to_retailer","new_retailer_margin","new_retailer_margin_value","new_sales_margin_per_sku","new_sales_margin_percent","new_sales_margin_value","new_size","new_sop","new_value_sales","new_value_share","new_vat","new_volume","new_volume_share","new_wd","old_sop","old_volume_share","project_id","retailer_margin_value_index","sales","sales_margin_percent_index","sales_margin_value_index","sku_name","volume_index","newvat","basevat","baseretailermargin","newretailermargin","basedistributormargin","newdistributormargin","basegrosstonet","newgrosstonet","basecogspersku","newcogspersku"
"0.0000395208","101.65544784","225.2157425347","352.9411764706","0","0","138.1986262835","0.0500447941","6.9161217973","138.1986262835","306.1764705882","131.2825044863","290.8539321594","420","306.1764705882","0.1325","21.1081475303","65.6381896247","0.2256740665","29.6270566463","0.6","0.0156813405","189.5750608385","0.0536107467","0.19","0.2708215155","5.3734778444","71.856","1.0000073548","true","0.001394284","0.0000395208","","1.0000073548","1.0000073548","1.0000073548","LA VACHE QUI RIT","GROUPE BEL","SPREAD BARRES","600","LVQR CHEF","169","1.0000073548","true","1.0000073548","101.6561954941","225.2157425347","352.9411764706","0","0","138.1996427048","0.0500447941","6.9161726639","138.1996427048","306.1764705882","131.283470041","290.8539321594","420","306.1764705882","0.1325","21.1083027762","65.6381896247","0.2256740665","29.6272745469","0.6","0.0156814558","189.5764551225","0.0536110712","0.19","0.2708235073","5.3735173652","71.856","0.0156813405","5.3734778444","4","1.0000073548","189.5750608368","1","1.0000073548","LVQR CHEF 600G","1.0000073548","","","","","","","","","",""
"0.0000271862","70.7890992549","113.9324517615","184.8739495798","0","0","97.4670083032","0.0500447941","4.8777163621","97.4670083032","156.8695652118","92.5892919411","149.0190601202","220","156.8695652118","0.1514782609","17.3998287051","35.0866083587","0.2354504741","21.8001926863","0.3","0.0118379945","136.6915360399","0.0386555873","0.19","0.1863975491","3.6983882126","73.9436","1.0000073508","true","0.0010047945","0.0000271862","","1.0000073508","1.0000073508","1.0000073508","LA VACHE QUI RIT","GROUPE BEL","SPREAD BARRES","300","LVQR CHEF","170","1.0000073508","true","1.0000073508","70.7896196126","113.9324517615","184.8739495798","0","0","97.4677247654","0.0500447941","4.8777522173","97.4677247654","156.8695652118","92.5899725481","149.0190601202","220","156.8695652118","0.1514782609","17.3999566081","35.0866083587","0.2354504741","21.8003529355","0.3","0.0118380815","136.6925408344","0.0386558211","0.19","0.1863989193","3.6984153988","73.9436","0.0118379945","3.6983882126","4","1.0000073508","136.6915360411","1","1.0000073508","LVQR CHEF 300G","1.0000073508","","","","","","","","","",""
"0.0000049812","13.7750438449","121.0086023398","197.4789915966","0","0","18.9102343035","0.0500447941","0.9463587821","18.9102343035","166.1193277311","17.9638755214","157.8059201788","235","166.1193277311","0.1588","3.5698350064","36.797317839","0.2331808452","4.1888316765","0.3","0.008410359","26.7512824787","0.0075651102","0.19","0.0341505734","0.6775951648","64.2697","1.0000073512","true","0.000196655","0.0000049812","","1.0000073512","1.0000073512","1.0000073512","LA VACHE QUI RIT","GROUPE BEL","SPREAD BARRES","300","LVQR CHEF","174","1.0000073512","true","1.0000073512","13.7751451085","121.0086023398","197.4789915966","0","0","18.9103733171","0.0500447941","0.946365739","18.9103733171","166.1193277311","17.9640075781","157.8059201788","235","166.1193277311","0.1588","3.5698612491","36.797317839","0.2331808452","4.1888624696","0.3","0.0084104208","26.7514791338","0.007565156","0.19","0.0341508244","0.677600146","64.2697","0.008410359","0.6775951648","4","1.0000073512","26.7512824781","1","1.0000073512","LVQR CHEF GREEN OLIVES 300G","1.0000073512","","","","","","","","","",""
"0.0000046707","12.0104556472","112.5682112812","189.0756302521","0","0","16.9698709374","0.0500447941","0.849253697","16.9698709374","159.0504201681","16.1206172405","151.0907746392","225","159.0504201681","0.1588","3.2035372145","38.522563358","0.2549630409","4.1101615933","0.3","0.0038052118","24.0063557008","0.0067888606","0.19","0.0320084743","0.6350929209","62.8095","1.0000073544","true","0.0001765521","0.0000046707","","1.0000073544","1.0000073544","1.0000073544","LA VACHE QUI RIT","GROUPE BEL","SPREAD BARRES","300","LVQR CHEF","175","1.0000073544","true","1.0000073544","12.0105439768","112.5682112812","189.0756302521","0","0","16.9699957405","0.0500447941","0.8492599427","16.9699957405","159.0504201681","16.1207357978","151.0907746392","225","159.0504201681","0.1588","3.2035607746","38.522563358","0.2549630409","4.110191821","0.3","0.0038052398","24.006532253","0.0067889017","0.19","0.0320087097","0.6350975916","62.8095","0.0038052118","0.6350929209","4","1.0000073544","24.006355701","1","1.0000073544","LVQR CHEF AIL/HERBES 300G","1.0000073544","","","","","","","","","",""
"0.0000041303","10.5066713503","111.322481894","193.2773109244","0","0","15.3448414737","0.0500447941","0.767929432","15.3448414737","162.5848739496","14.5769120416","154.448347409","230","162.5848739496","0.1588","2.896767506","43.125865515","0.2792251665","4.0702406913","0.3","0.0104552409","21.7075146858","0.0061387614","0.19","0.0283141496","0.5617923496","47.8922","1.000007352","true","0.0001595944","0.0000041303","","1.000007352","1.000007352","1.000007352","LA VACHE QUI RIT","GROUPE BEL","SPREAD BARRES","300","LVQR CHEF","176","1.000007352","true","1.000007352","10.5067485957","111.322481894","193.2773109244","0","0","15.3449542895","0.0500447941","0.7679350779","15.3449542895","162.5848739496","14.5770192116","154.448347409","230","162.5848739496","0.1588","2.8967888031","43.125865515","0.2792251665","4.0702706159","0.3","0.0104553178","21.7076742802","0.0061387986","0.19","0.0283143578","0.5617964799","47.8922","0.0104552409","0.5617923496","4","1.000007352","21.7075146868","1","1.000007352","LVQR EMTL 300G","1.000007352","","","","","","","","","",""
"0.0000031832","8.8197946309","121.3407922081","180.6722689076","0","0","11.0469505307","0.0500447941","0.5528423647","11.0469505307","151.981512605","10.4941081659","144.3756290997","215","151.981512605","0.1588","2.0854205234","23.0348368916","0.1595479586","1.674313535","0.3","0.0046996498","15.6275215543","0.004419374","0.19","0.021805844","0.4326584598","50.3425","1.0000073573","true","0.0001149769","0.0000031832","","1.0000073573","1.0000073573","1.0000073573","LA VACHE QUI RIT","GROUPE BEL","SPREAD BARRES","300","LVQR CHEF","177","1.0000073573","true","1.0000073573","8.8198595211","121.3407922081","180.6722689076","0","0","11.0470318068","0.0500447941","0.5528464322","11.0470318068","151.981512605","10.4941853746","144.3756290997","215","151.981512605","0.1588","2.0854358665","23.0348368916","0.1595479586","1.6743258535","0.3","0.0046996844","15.6276365312","0.0044194008","0.19","0.0218060045","0.432661643","50.3425","0.0046996498","0.4326584598","4","1.0000073573","15.6275215538","1","1.0000073573","LVQR CHEF GRILLE 300G","1.0000073573","","","","","","","","","",""
"0.0000217215","65.6514429714","52.9133389179","88.2352941176","0","0","90.225809041","0.0686777347","6.1965041764","90.225809041","72.7196326059","84.0293048646","67.7254129703","105","72.7196326059","0.1758441638","19.2508276313","14.8120740524","0.2187077701","18.3778618932","0.12","0.0173799623","130.27719764","0.036841649","0.19","0.1488882259","2.9541507498","55.1676","1.0000073529","true","0.0009579139","0.0000217215","","1.0000073529","1.0000073529","1.0000073529","LA VACHE QUI RIT","GROUPE BEL","SPREAD PORTIONS","120","LVQR PORTIONS","183","1.0000073529","true","1.0000073529","65.6519256993","52.9133389179","88.2352941176","0","0","90.2264724615","0.0686777347","6.1965497386","90.2264724615","72.7196326059","84.0299227228","67.7254129703","105","72.7196326059","0.1758441638","19.2509691805","14.8120740524","0.2187077701","18.3779970236","0.12","0.0173800901","130.2781555539","0.0368418719","0.19","0.1488893206","2.9541724713","55.1676","0.0173799623","2.9541507498","4","1.0000073529","130.2771976407","1","1.0000073529","LVQR ORG 8TP 120G","1.0000073529","","","","","","","","","",""
"0.0000428209","117.5755270834","144.2705739989","252.1008403361","0","0","171.8916685488","0.0686777347","11.8051304097","171.8916685488","210.9189752521","160.086538139","196.4335378265","300","210.9189752521","0.1633547315","33.5617954467","52.1629638276","0.2655501927","42.5110110556","0.36","0.0325277111","244.4896221547","0.0691402717","0.19","0.2933875466","5.8212194795","56.7802","1.000007356","true","0.0017984661","0.0000428209","","1.000007356","1.000007356","1.000007356","LA VACHE QUI RIT","GROUPE BEL","SPREAD PORTIONS","360","LVQR PORTIONS","184","1.000007356","true","1.000007356","117.5763919692","144.2705739989","252.1008403361","0","0","171.8929329842","0.0686777347","11.8052172483","171.8929329842","210.9189752521","160.0877157359","196.4335378265","300","210.9189752521","0.1633547315","33.5620423274","52.1629638276","0.2655501927","42.5113237667","0.36","0.0325279504","244.4914206208","0.0691406902","0.19","0.2933897047","5.8212623004","56.7802","0.0325277111","5.8212194795","4","1.000007356","244.4896221557","1","1.000007356","LVQR ORG 24P 360G","1.000007356","","","","","","","","","",""
"0.000049367","135.248382847","95.9376841595","168.0672268908","0","0","198.4018381056","0.0686777347","13.6257888014","198.4018381056","140.7352345378","184.7760493041","131.0698574373","200","140.7352345378","0.1626253545","38.5313424866","35.1321732778","0.2680415922","49.5276664571","0.24","0.0344946849","281.9504849047","0.0797339901","0.19","0.3383405819","6.7131506054","68.4671","1.0000073538","true","0.0020734006","0.000049367","","1.0000073538","1.0000073538","1.0000073538","LA VACHE QUI RIT","GROUPE BEL","SPREAD PORTIONS","240","LVQR PORTIONS","185","1.0000073538","true","1.0000073538","135.2493774333","95.9376841595","168.0672268908","0","0","198.4032971082","0.0686777347","13.6258890024","198.4032971082","140.7352345378","184.7774081058","131.0698574373","200","140.7352345378","0.1626253545","38.5316258375","35.1321732778","0.2680415922","49.5280306725","0.24","0.0344949386","281.9525583053","0.0797344726","0.19","0.33834307","6.7131999724","68.4671","0.0344946849","6.7131506054","4","1.0000073538","281.9504849049","1","1.0000073538","LVQR ORG 16P 240G","1.0000073538","","","","","","","","","",""
"0.0000017543","5.3002265538","105.8153349918","189.0756302521","0","0","7.9372756333","0.0686777347","0.5451141102","7.9372756333","158.4621848761","7.3921615231","147.5793609832","225","158.4621848761","0.1619111111","1.5334090857","41.7640259914","0.2829936768","2.0919349693","0.24","0.0227641917","11.2701148156","0.0031871242","0.19","0.0120214558","0.2385225055","49.287","1.0000073547","true","0.0000828884","0.0000017543","","1.0000073547","1.0000073547","1.0000073547","LA VACHE QUI RIT","GROUPE BEL","SPREAD PORTIONS","240","LVQR PORTIONS","187","1.0000073547","true","1.0000073547","5.3002655354","105.8153349918","189.0756302521","0","0","7.9373340096","0.0686777347","0.5451181193","7.9373340096","158.4621848761","7.3922158903","147.5793609832","225","158.4621848761","0.1619111111","1.5334203635","41.7640259914","0.2829936768","2.0919503548","0.24","0.0227643591","11.270197704","0.0031871435","0.19","0.0120215442","0.2385242598","49.287","0.0227641917","0.2385225055","4","1.0000073547","11.270114815","1","1.0000073547","LVQR EMTL 16P 240G","1.0000073547","","","","","","","","","",""
"0.0000016919","5.2698267556","109.0984612028","197.4789915966","0","0","7.9944519562","0.0686777347","0.5490408505","7.9944519562","165.5049486483","7.4454111057","154.1384436935","235","165.5049486483","0.1619111111","1.5444550286","45.0399824907","0.2922047311","2.17558435","0.24","0.0309064565","11.3512993119","0.0032100827","0.19","0.0115928163","0.2300176983","46.1865","1.0000073555","true","0.0000834944","0.0000016919","","1.0000073555","1.0000073555","1.0000073555","LA VACHE QUI RIT","GROUPE BEL","SPREAD PORTIONS","240","LVQR PORTIONS","189","1.0000073555","true","1.0000073555","5.2698655178","109.0984612028","197.4789915966","0","0","7.9945107593","0.0686777347","0.549044889","7.9945107593","165.5049486483","7.4454658703","154.1384436935","235","165.5049486483","0.1619111111","1.5444663888","45.0399824907","0.2922047311","2.1756003525","0.24","0.0309066838","11.3513828063","0.0032101022","0.19","0.0115929016","0.2300193902","46.1865","0.0309064565","0.2300176983","4","1.0000073555","11.3512993094","1","1.0000073555","LVQR EDAM 16P 240G","1.0000073555","","","","","","","","","",""
"0.0000020015","8.1340938555","118.6553071744","184.8739495798","0","0","10.4169778335","0.035","0.3645942242","10.4169778335","151.9566563429","10.0523836093","146.6381733709","220","151.9566563429","0.1780526316","2.2565560617","27.9828661965","0.1908293424","1.9182897538","0.2","0.0151470824","15.0815053353","0.0042649638","0.19","0.0137104594","0.2720347003","46.2638","1.0000073577","true","0.0001109649","0.0000020015","","1.0000073577","1.0000073577","1.0000073577","LA VACHE QUI RIT","GROUPE BEL","SPREAD AUTRE","200","LVQR SPREAD","195","1.0000073577","true","1.0000073577","8.1341537036","118.6553071744","184.8739495798","0","0","10.4170544783","0.035","0.3645969067","10.4170544783","151.9566563429","10.0524575716","146.6381733709","220","151.9566563429","0.1780526316","2.2565726647","27.9828661965","0.1908293424","1.918303868","0.2","0.0151471938","15.0816163002","0.0042649896","0.19","0.0137105603","0.2720367018","46.2638","0.0151470824","0.2720347003","4","1.0000073577","15.0815053359","1","1.0000073577","LVQR koul youm 200G","1.0000073577","","","","","","","","","",""
"0.0000017759","0","0","71.4285714286","0","0","7.9045138818","0","0","7.9045138818","71.4285714286","7.9045138818","71.4285714286","85","71.4285714286","0","0","71.4285714286","1","7.9045138818","0.11","0.0163442966","9.4063715194","0.0026600683","0.19","0.0121729514","0.2415283897","11.675","","","0.0000691618","0.0000017759","","1.0000073527","","1.0000073527","CHEEZY","FALAIT","SPREAD PORTIONS","110","CHEEZY PORTIONS","196","1.0000073527","true","1.0000073527","0","0","71.4285714286","0","0","7.904572001","0","0","7.904572001","71.4285714286","7.904572001","71.4285714286","85","71.4285714286","0","0","71.4285714286","1","7.904572001","0.11","0.0163444168","9.4064406812","0.0026600843","0.19","0.0121730409","0.2415301656","11.675","0.0163442966","0.2415283897","4","","9.4063715193","1","1.0000073527","CHEEZY  8P 110G","1.0000073527","","","","","","","","","",""
"0.0000600059","0","0","109.243697479","0","0","204.2008341421","0","0","204.2008341421","109.243697479","204.2008341421","109.243697479","130","109.243697479","0","0","109.243697479","1","204.2008341421","0.22","0.0532457487","242.9989926291","0.0687187301","0.19","0.4112290644","8.1593600968","75.3169","","","0.0017870746","0.0000600059","","1.0000073542","","1.0000073542","CHEEZY","FALAIT","SPREAD PORTIONS","220","CHEEZY PORTIONS","197","1.0000073542","true","1.0000073542","0","0","109.243697479","0","0","204.2023358854","0","0","204.2023358854","109.243697479","204.2023358854","109.243697479","130","109.243697479","0","0","109.243697479","1","204.2023358854","0.22","0.0532461403","243.0007797037","0.068719146","0.19","0.4112320887","8.1594201027","75.3169","0.0532457487","8.1593600968","4","","242.9989926289","1","1.0000073542","CHEEZY 16P 220G","1.0000073542","","","","","","","","","",""
"0.0000046939","0","0","130.2521008403","0","0","19.0445460855","0","0","19.0445460855","130.2521008403","19.0445460855","130.2521008403","155","130.2521008403","0","0","130.2521008403","1","19.0445460855","0.22","0.0394998397","22.6630098418","0.00640897","0.19","0.0321668527","0.6382353702","29.4008","","","0.0001666761","0.0000046939","","1.0000073545","","1.0000073545","CHEEZY","FALAIT","SPREAD PORTIONS","220","CHEEZY PORTIONS","198","1.0000073545","true","1.0000073545","0","0","130.2521008403","0","0","19.0446861495","0","0","19.0446861495","130.2521008403","19.0446861495","130.2521008403","155","130.2521008403","0","0","130.2521008403","1","19.0446861495","0.22","0.0395001302","22.6631765179","0.0064090088","0.19","0.0321670893","0.6382400641","29.4008","0.0394998397","0.6382353702","4","","22.663009841","1","1.0000073545","CHEEZY EDAM 16P 220G","1.0000073545","","","","","","","","","",""
"0.0000024372","0","0","130.2521008403","0","0","9.8891112259","0","0","9.8891112259","130.2521008403","9.8891112259","130.2521008403","155","130.2521008403","0","0","130.2521008403","1","9.8891112259","0.22","0.0249662512","11.7680423589","0.0033279353","0.19","0.0167030279","0.3314114464","10.6428","","","0.0000865423","0.0000024372","","1.000007354","","1.000007354","CHEEZY","FALAIT","SPREAD PORTIONS","220","CHEEZY PORTIONS","199","1.000007354","true","1.000007354","0","0","130.2521008403","0","0","9.8891839506","0","0","9.8891839506","130.2521008403","9.8891839506","130.2521008403","155","130.2521008403","0","0","130.2521008403","1","9.8891839506","0.22","0.0249664348","11.7681289012","0.0033279554","0.19","0.0167031507","0.3314138836","10.6428","0.0249662512","0.3314114464","4","","11.7680423595","1","1.000007354","CHEEZY CHED 16P 220G","1.000007354","","","","","","","","","",""
"0.000035148","0","0","159.6638655462","0","0","116.5314194232","0","0","116.5314194232","159.6638655462","116.5314194232","159.6638655462","190","159.6638655462","0","0","159.6638655462","1","116.5314194232","0.33","0.020221459","138.6723891136","0.0392157613","0.19","0.2408520442","4.778841597","64.6668","","","0.001019925","0.000035148","","1.0000073549","","1.0000073549","CHEEZY","FALAIT","SPREAD PORTIONS","330","CHEEZY PORTIONS","200","1.0000073549","true","1.0000073549","0","0","159.6638655462","0","0","116.532276503","0","0","116.532276503","159.6638655462","116.532276503","159.6638655462","190","159.6638655462","0","0","159.6638655462","1","116.532276503","0.33","0.0202216077","138.6734090386","0.0392159986","0.19","0.2408538157","4.778876745","64.6668","0.020221459","4.778841597","4","","138.6723891142","1","1.0000073549","CHEEZY  24P 330G","1.0000073549","","","","","","","","","",""
"0.0000030509","0","0","331.9327731092","0","0","7.7124364758","0","0","7.7124364758","331.9327731092","7.7124364758","331.9327731092","395","331.9327731092","0","0","331.9327731092","1","7.7124364758","0.9","0.0166714708","9.1777994063","0.0025954294","0.19","0.0209114417","0.4149122657","16.9965","","","0.0000674847","0.0000030509","","1.000007353","","1.000007353","CHEEZY","FALAIT","SPREAD BARRES","900","CHEEZY PORTIONS","201","1.000007353","true","1.000007353","0","0","331.9327731092","0","0","7.7124931857","0","0","7.7124931857","331.9327731092","7.7124931857","331.9327731092","395","331.9327731092","0","0","331.9327731092","1","7.7124931857","0.9","0.0166715934","9.177866891","0.0025954451","0.19","0.0209115954","0.4149153166","16.9965","0.0166714708","0.4149122657","4","","9.1777994055","1","1.000007353","CHEEZY  900G","1.000007353","","","","","","","","","",""
"0.0000091908","0","0","147.0588235294","0","0","28.941964056","0","0","28.941964056","147.0588235294","28.941964056","147.0588235294","175","147.0588235294","0","0","147.0588235294","1","28.941964056","0.32","0.0315931503","34.4409372266","0.0097397007","0.19","0.0629777138","1.2495659701","25.6297","","","0.0002533185","0.0000091908","","1.0000073552","","1.0000073552","CHEEZY","FALAIT","SPREAD BARRES","320","CHEEZY BARRES","202","1.0000073552","true","1.0000073552","0","0","147.0588235294","0","0","28.9421769287","0","0","28.9421769287","147.0588235294","28.9421769287","147.0588235294","175","147.0588235294","0","0","147.0588235294","1","28.9421769287","0.32","0.0315933827","34.4411905452","0.0097397597","0.19","0.062978177","1.2495751609","25.6297","0.0315931503","1.2495659701","4","","34.440937226","1","1.0000073552","CHEEZY 320G","1.0000073552","","","","","","","","","",""
"0.0000040772","0","0","189.0756302521","0","0","11.0065220999","0","0","11.0065220999","189.0756302521","11.0065220999","189.0756302521","225","189.0756302521","0","0","189.0756302521","1","11.0065220999","0.48","0.0918354373","13.0977612988","0.0037039722","0.19","0.0279418908","0.5544062137","16.8459","","","0.0000963228","0.0000040772","","1.0000073541","","1.0000073541","CHEEZY","FALAIT","SPREAD BARRES","480","CHEEZY BARRES","203","1.0000073541","true","1.0000073541","0","0","189.0756302521","0","0","11.0066030434","0","0","11.0066030434","189.0756302521","11.0066030434","189.0756302521","225","189.0756302521","0","0","189.0756302521","1","11.0066030434","0.48","0.0918361127","13.0978576216","0.0037039947","0.19","0.0279420963","0.5544102909","16.8459","0.0918354373","0.5544062137","4","","13.0977612977","1","1.0000073541","CHEEZY 480G","1.0000073541","","","","","","","","","",""
"0.0000110549","0","0","117.6470588235","0","0","37.137621507","0","0","37.137621507","117.6470588235","37.137621507","117.6470588235","140","117.6470588235","0","0","117.6470588235","1","37.137621507","0.24","0.0225096058","44.1937695933","0.0124977462","0.19","0.0757607479","1.5031992545","21.0138","","","0.0003250112","0.0000110549","","1.0000073542","","1.0000073542","EL MOUTAMAYEZ","FADIPLAIT","SPREAD PORTIONS","240","EL MOUTAMAYEZ","204","1.0000073542","true","1.0000073542","0","0","117.6470588235","0","0","37.1378946256","0","0","37.1378946256","117.6470588235","37.1378946256","117.6470588235","140","117.6470588235","0","0","117.6470588235","1","37.1378946256","0.24","0.0225097713","44.1940946045","0.0124978218","0.19","0.075761305","1.5032103094","21.0138","0.0225096058","1.5031992545","4","","44.1937695942","1","1.0000073542","EL MOUTAMAYEZ 16P 240G","1.0000073542","","","","","","","","","",""
"0.0000125501","0","0","159.6638655462","0","0","38.1556877533","0","0","38.1556877533","159.6638655462","38.1556877533","159.6638655462","190","159.6638655462","0","0","159.6638655462","1","38.1556877533","0.36","0.0093605317","45.4052684265","0.0128403511","0.19","0.0860310349","1.7069761212","15.7693","","","0.0003338309","0.0000125501","","1.0000073522","","1.0000073522","EL MOUTAMAYEZ","FADIPLAIT","SPREAD PORTIONS","360","EL MOUTAMAYEZ","205","1.0000073522","true","1.0000073522","0","0","159.6638655462","0","0","38.1559682835","0","0","38.1559682835","159.6638655462","38.1559682835","159.6638655462","190","159.6638655462","0","0","159.6638655462","1","38.1559682835","0.36","0.0093606005","45.4056022573","0.0128404288","0.19","0.0860316674","1.7069886713","15.7693","0.0093605317","1.7069761212","4","","45.4052684255","1","1.0000073522","EL MOUTAMAYEZ  24P 360G","1.0000073522","","","","","","","","","",""
"0.0000023745","0","0","63.025210084","0","0","8.5467806658","0","0","8.5467806658","63.025210084","8.5467806658","63.025210084","75","63.025210084","0","0","63.025210084","1","8.5467806658","0.12","0.0141812213","10.1706689923","0.0028762072","0.19","0.0162730704","0.3228804884","11.5124","","","0.0000747954","0.0000023745","","1.000007354","","1.000007354","EL MOUTAMAYEZ","FADIPLAIT","SPREAD PORTIONS","120","EL MOUTAMAYEZ","206","1.000007354","true","1.000007354","0","0","63.025210084","0","0","8.5468435191","0","0","8.5468435191","63.025210084","8.5468435191","63.025210084","75","63.025210084","0","0","63.025210084","1","8.5468435191","0.12","0.0141813256","10.1707437877","0.0028762246","0.19","0.0162731901","0.3228828629","11.5124","0.0141812213","0.3228804884","4","","10.1706689931","1","1.000007354","EL MOUTAMAYEZ  8P 120G","1.000007354","","","","","","","","","",""
"0.0000086629","23.2489351939","87.0999444754","109.243697479","0","0","22.0342443417","0.035","0.771198552","22.0342443417","82.5492196832","21.2630457898","79.6599969943","130","82.5492196832","0.2443571429","7.1253568306","-7.4399474811","-0.0933962812","-1.9858894041","0.22","0.0003829442","34.699925395","0.0098129411","0.19","0.0587229507","1.1651455159","31.5458","1.000007435","true","0.0002579955","0.0000086629","","1.000007435","1.000007435","1.000007435","LA NOUVELLE VACHE","GROUPE BEL","SPREAD PORTIONS","220","LA NOUVELLE VACHE","207","1.000007435","true","1.000007435","23.2491080507","87.0999444754","109.243697479","0","0","22.0344081673","0.035","0.7712042859","22.0344081673","82.5492196832","21.2632038814","79.6599969943","130","82.5492196832","0.2443571429","7.1254098079","-7.4399474811","-0.0933962812","-1.9859041693","0.22","0.000382947","34.7001833905","0.0098130013","0.19","0.0587233873","1.1651541788","31.5458","0.0003829442","1.1651455159","4","1.000007435","34.6999253946","1","1.000007435","LA NOUVELLE VACHE 16P 220G","1.000007435","","","","","","","","","",""
"0.0000042287","11.5051727929","130.6181042012","159.6638655462","0","0","11.0272663086","0.035","0.3859543208","11.0272663086","125.1924369748","10.6413119878","120.8107016807","190","125.1924369748","0.2159","3.036330565","-9.8074025205","-0.0811799152","-0.863860805","0.33","0.0004639513","16.7356802796","0.004732755","0.19","0.0290672342","0.5767346015","20.0846","1.0000073322","true","0.0001227092","0.0000042287","","1.0000073322","1.0000073322","1.0000073322","LA NOUVELLE VACHE","GROUPE BEL","SPREAD PORTIONS","330","LA NOUVELLE VACHE","208","1.0000073322","true","1.0000073322","11.505257151","130.6181042012","159.6638655462","0","0","11.0273471627","0.035","0.3859571507","11.0273471627","125.1924369748","10.641390012","120.8107016807","190","125.1924369748","0.2159","3.036352828","-9.8074025205","-0.0811799152","-0.863867139","0.33","0.0004639547","16.7358029889","0.0047327835","0.19","0.0290674473","0.5767388302","20.0846","0.0004639513","0.5767346015","4","1.0000073322","16.7356802794","1","1.0000073322","LA NOUVELLE VACHE 24P 330G","1.0000073322","","","","","","","","","",""
"0.0000010389","3.0964245698","47.3043624277","58.8235294118","0","0","2.961469868","0.035","0.1036514454","2.961469868","45.2426470588","2.8578184226","43.6591544118","70","45.2426470588","0.230875","0.8889703959","-3.6452080159","-0.0834924099","-0.2386061472","0.11","0.000428186","4.5820239141","0.0012957702","0.19","0.0072003233","0.14286449","10","1.0000072721","true","0.0000333209","0.0000010389","","1.0000072721","1.0000072721","1.0000072721","LA NOUVELLE VACHE","GROUPE BEL","SPREAD PORTIONS","110","LA NOUVELLE VACHE","209","1.0000072721","true","1.0000072721","3.0964470873","47.3043624277","58.8235294118","0","0","2.9614914041","0.035","0.1036521991","2.9614914041","45.2426470588","2.857839205","43.6591544118","70","45.2426470588","0.230875","0.8889768606","-3.6452080159","-0.0834924099","-0.2386078823","0.11","0.0004281891","4.582057235","0.001295778","0.19","0.0072003757","0.1428655289","10","0.000428186","0.14286449","4","1.0000072721","4.5820239133","1","1.0000072721","LA NOUVELLE VACHE 8P 110G","1.0000072721","","","","","","","","","",""
"0.0000028424","0","0","79.8319327731","0","0","12.9637889945","0","0","12.9637889945","79.8319327731","12.9637889945","79.8319327731","95","79.8319327731","0","0","79.8319327731","1","12.9637889945","0.12","0.0114709489","15.4269089034","0.0043626419","0.19","0.0194866218","0.3866418448","26.3316","","","0.0001134125","0.0000028424","","1.0000073516","","1.0000073516","LE BERBERE","PROMASIDOR","SPREAD PORTIONS","120","LE BERBERE PORTIONS","210","1.0000073516","true","1.0000073516","0","0","79.8319327731","0","0","12.9638842991","0","0","12.9638842991","79.8319327731","12.9638842991","79.8319327731","95","79.8319327731","0","0","79.8319327731","1","12.9638842991","0.12","0.0114710332","15.427022316","0.0043626683","0.19","0.019486765","0.3866446872","26.3316","0.0114709489","0.3866418448","4","","15.4269089017","1","1.0000073516","LE BERBERE ORG  8P 120G","1.0000073516","","","","","","","","","",""
"0.0000081489","0","0","147.0588235294","0","0","34.21779192","0","0","34.21779192","147.0588235294","34.21779192","147.0588235294","175","147.0588235294","0","0","147.0588235294","1","34.21779192","0.24","0.0291750088","40.7191723849","0.0115151499","0.19","0.0558434364","1.1080119236","47.25","","","0.0002994686","0.0000081489","","1.0000073545","","1.0000073545","LE BERBERE","PROMASIDOR","SPREAD PORTIONS","240","LE BERBERE PORTIONS","211","1.0000073545","true","1.0000073545","0","0","147.0588235294","0","0","34.2180435743","0","0","34.2180435743","147.0588235294","34.2180435743","147.0588235294","175","147.0588235294","0","0","147.0588235294","1","34.2180435743","0.24","0.0291752234","40.7194718535","0.0115152196","0.19","0.0558438471","1.1080200725","47.25","0.0291750088","1.1080119236","4","","40.7191723842","1","1.0000073545","LE BERBERE ORG 16P 240G","1.0000073545","","","","","","","","","",""
"0.0000051753","0","0","201.6806722689","0","0","19.8735019503","0","0","19.8735019503","201.6806722689","19.8735019503","201.6806722689","240","201.6806722689","0","0","201.6806722689","1","19.8735019503","0.36","0.0241999641","23.6494673208","0.0066879346","0.19","0.035474201","0.7038577887","39.635","","","0.0001738895","0.0000051753","","1.0000073528","","1.0000073528","LE BERBERE","PROMASIDOR","SPREAD PORTIONS","360","LE BERBERE PORTIONS","212","1.0000073528","true","1.0000073528","0","0","201.6806722689","0","0","19.8736480759","0","0","19.8736480759","201.6806722689","19.8736480759","201.6806722689","240","201.6806722689","0","0","201.6806722689","1","19.8736480759","0.36","0.024200142","23.6496412104","0.006687975","0.19","0.0354744618","0.703862964","39.635","0.0241999641","0.7038577887","4","","23.6494673208","1","1.0000073528","LE BERBERE ORG 24P 360G","1.0000073528","","","","","","","","","",""
"0.0000087192","0","0","92.4369747899","0","0","36.8267935911","0","0","36.8267935911","92.4369747899","36.8267935911","92.4369747899","110","92.4369747899","0","0","92.4369747899","1","36.8267935911","0.15","0.0427046763","43.8238843735","0.0123931447","0.19","0.0597598423","1.1857188974","46.6345","","","0.0003222605","0.0000087192","","1.0000073535","","1.0000073535","LE BERBERE","PROMASIDOR","SPREAD BARRES","150","LE BERBERE BARRES","213","1.0000073535","true","1.0000073535","0","0","92.4369747899","0","0","36.8270643983","0","0","36.8270643983","92.4369747899","36.8270643983","92.4369747899","110","92.4369747899","0","0","92.4369747899","1","36.8270643983","0.15","0.0427049903","43.824206634","0.0123932197","0.19","0.0597602818","1.1857276166","46.6345","0.0427046763","1.1857188974","4","","43.8238843727","1","1.0000073535","LE BERBERE MON FRMG Nat 150G","1.0000073535","","","","","","","","","",""
"0.0000099569","0","0","168.0672268908","0","0","38.2201788575","0","0","38.2201788575","168.0672268908","38.2201788575","168.0672268908","200","168.0672268908","0","0","168.0672268908","1","38.2201788575","0.3","0.0344067779","45.4820128405","0.012862054","0.19","0.0682230193","1.3536401708","60.3406","","","0.0003345484","0.0000099569","","1.0000073556","","1.0000073556","LE BERBERE","PROMASIDOR","SPREAD BARRES","300","LE BERBERE BARRES","214","1.0000073556","true","1.0000073556","0","0","168.0672268908","0","0","38.2204599907","0","0","38.2204599907","168.0672268908","38.2204599907","168.0672268908","200","168.0672268908","0","0","168.0672268908","1","38.2204599907","0.3","0.034407031","45.4823473889","0.0128621319","0.19","0.0682235211","1.3536501277","60.3406","0.0344067779","1.3536401708","4","","45.482012841","1","1.0000073556","LE BERBERE  300G","1.0000073556","","","","","","","","","",""
"0.0000087137","0","0","315.1260504202","0","0","31.3614749265","0","0","31.3614749265","315.1260504202","31.3614749265","315.1260504202","375","315.1260504202","0","0","315.1260504202","1","31.3614749265","0.6","0.0572340062","37.3201551625","0.0105539272","0.19","0.0597122483","1.1847745645","49.197","","","0.0002744785","0.0000087137","","1.0000073547","","1.0000073547","LE BERBERE","PROMASIDOR","SPREAD BARRES","600","LE BERBERE BARRES","215","1.0000073547","true","1.0000073547","0","0","315.1260504202","0","0","31.3617055807","0","0","31.3617055807","315.1260504202","31.3617055807","315.1260504202","375","315.1260504202","0","0","315.1260504202","1","31.3617055807","0.6","0.0572344271","37.320429641","0.010553991","0.19","0.0597126874","1.1847832782","49.197","0.0572340062","1.1847745645","4","","37.3201551623","1","1.0000073547","LE BERBERE  600G","1.0000073547","","","","","","","","","",""
"0.0000055506","0","0","705.8823529412","0","0","14.9159087087","0","0","14.9159087087","705.8823529412","14.9159087087","705.8823529412","840","705.8823529412","0","0","705.8823529412","1","14.9159087087","1.8","0.1401526852","17.7499313634","0.0050195794","0.19","0.0380355672","0.7546788789","28.2363","","","0.0001305483","0.0000055506","","1.0000073549","","1.0000073549","LE BERBERE","PROMASIDOR","SPREAD BARRES","1800","LE BERBERE BARRES","216","1.0000073549","true","1.0000073549","0","0","705.8823529412","0","0","14.9160184132","0","0","14.9160184132","705.8823529412","14.9160184132","705.8823529412","840","705.8823529412","0","0","705.8823529412","1","14.9160184132","1.8","0.140153716","17.7500619117","0.0050196098","0.19","0.038035847","0.7546844295","28.2363","0.1401526852","0.7546788789","4","","17.7499313628","1","1.0000073549","LE BERBERE  1.8KG","1.0000073549","","","","","","","","","",""
"0.0000038639","0","0","151.2605042017","0","0","16.6721061809","0","0","16.6721061809","151.2605042017","16.6721061809","151.2605042017","180","151.2605042017","0","0","151.2605042017","1","16.6721061809","0.24","0.0044256229","19.8398063553","0.0056105842","0.19","0.0264530751","0.5248660282","12.5721","","","0.0001460557","0.0000038639","","1.0000073618","","1.0000073618","okids","gig","SPREAD PORTIONS","240","OKIDS PORTIONS","217","1.0000073618","true","1.0000073618","0","0","151.2605042017","0","0","16.6722289168","0","0","16.6722289168","151.2605042017","16.6722289168","151.2605042017","180","151.2605042017","0","0","151.2605042017","1","16.6722289168","0.24","0.0044256555","19.839952411","0.0056106182","0.19","0.0264532699","0.5248698921","12.5721","0.0044256229","0.5248660282","4","","19.839806356","1","1.0000073618","OKIDS  16P 240G","1.0000073618","","","","","","","","","",""
"0.0000024761","0","0","252.1008403361","0","0","7.1324954396","0","0","7.1324954396","252.1008403361","7.1324954396","252.1008403361","300","252.1008403361","0","0","252.1008403361","1","7.1324954396","0.6","0.0138976981","8.4876695732","0.0024002646","0.19","0.0169753391","0.3368144833","10.1551","","","0.0000623973","0.0000024761","","1.0000073515","","1.0000073515","okids","gig","SPREAD BARRES","600","OKIDS BARRES","218","1.0000073515","true","1.0000073515","0","0","252.1008403361","0","0","7.1325478743","0","0","7.1325478743","252.1008403361","7.1325478743","252.1008403361","300","252.1008403361","0","0","252.1008403361","1","7.1325478743","0.6","0.0138978003","8.4877319704","0.0024002791","0.19","0.0169754639","0.3368169594","10.1551","0.0138976981","0.3368144833","4","","8.4876695741","1","1.0000073515","OKIDS  600G","1.0000073515","","","","","","","","","",""
"8.08e-7","2.4519912383","48.8624996198","84.0336134454","0","0","3.2625712611","0.035","0.1141899941","3.2625712611","65.0154798739","3.1483812669","62.7399380784","100","65.0154798739","0.2263157895","0.9543575799","13.8774384586","0.2211898654","0.6963900287","0.11","0.0012491961","5.0181453208","0.0014191029","0.19","0.0055199599","0.1095237279","15.6473","1.000007377","true","0.0000370189","8.08e-7","","1.000007377","1.000007377","1.000007377","PICON","GROUPE BEL","SPREAD PORTIONS","110","PICON","219","1.000007377","true","1.000007377","2.4520093267","48.8624996198","84.0336134454","0","0","3.2625953291","0.035","0.1141908365","3.2625953291","65.0154798739","3.1484044926","62.7399380784","100","65.0154798739","0.2263157895","0.9543646202","13.8774384586","0.2211898654","0.6963951659","0.11","0.0012492053","5.0181823397","0.0014191115","0.19","0.0055200006","0.1095245359","15.6473","0.0012491961","0.1095237279","4","1.000007377","5.0181453203","1","1.000007377","PICON  8P 110G","1.000007377","","","","","","","","","",""
"0.0000034385","9.6610785715","90.2185163074","130.2521008403","0","0","11.1755178464","0.035","0.3911431246","11.1755178464","104.3608776815","10.7843747218","100.7082469627","155","104.3608776815","0.1987777778","2.7725698835","10.4897306553","0.1041595994","1.1232961503","0.22","0.01403246","16.5982243986","0.0046938833","0.19","0.0235587701","0.4674389663","30.2356","1.000007356","true","0.000122096","0.0000034385","","1.000007356","1.000007356","1.000007356","PICON","GROUPE BEL","SPREAD PORTIONS","220","PICON","220","1.000007356","true","1.000007356","9.6611496381","90.2185163074","130.2521008403","0","0","11.1756000532","0.035","0.3911460019","11.1756000532","104.3608776815","10.7844540513","100.7082469627","155","104.3608776815","0.1987777778","2.7725902784","10.4897306553","0.1041595994","1.1233044132","0.22","0.0140325632","16.5983464946","0.0046939117","0.19","0.0235589434","0.4674424048","30.2356","0.01403246","0.4674389663","4","1.000007356","16.598224399","1","1.000007356","PICON 16P 200G","1.000007356","","","","","","","","","",""
"0.0000026941","7.5795154211","135.540428072","189.0756302521","0","0","8.5732720612","0.035","0.3000645221","8.5732720612","153.3112475672","8.2732075391","147.9453539024","225","153.3112475672","0.1891538462","1.9999692633","12.4049258304","0.0838480257","0.693692118","0.33","0.0053120634","12.5821571763","0.0035581623","0.19","0.0184538305","0.3661498212","29.7631","1.0000073579","true","0.0000925786","0.0000026941","","1.0000073579","1.0000073579","1.0000073579","PICON","GROUPE BEL","SPREAD PORTIONS","330","PICON","221","1.0000073579","true","1.0000073579","7.5795711906","135.540428072","189.0756302521","0","0","8.5733351428","0.035","0.30006673","8.5733351428","153.3112475672","8.2732684128","147.9453539024","225","153.3112475672","0.1891538462","1.999983979","12.4049258304","0.0838480257","0.6936972222","0.33","0.0053121025","12.5822497549","0.0035581839","0.19","0.0184539663","0.3661525153","29.7631","0.0053120634","0.3661498212","4","1.0000073579","12.5821571753","1","1.0000073579","PICON 24P 330G","1.0000073579","","","","","","","","","",""
"0.0000016237","4.4876401655","176.6630876257","231.0924369748","0","0","4.7711049364","0.035","0.1669886728","4.7711049364","187.8221288613","4.6041162636","181.2483543512","275","187.8221288613","0.1872424242","1.099163245","4.5852667255","0.025298253","0.1164760981","0.44","0.0008812005","6.9856191359","0.0019754933","0.19","0.0111769906","0.2217671345","10","1.0000073218","true","0.0000511472","0.0000016237","","1.0000073218","1.0000073218","1.0000073218","PICON","GROUPE BEL","SPREAD PORTIONS","440","PICON","222","1.0000073218","true","1.0000073218","4.487673023","176.6630876257","231.0924369748","0","0","4.7711398694","0.035","0.1669898954","4.7711398694","187.8221288613","4.604149974","181.2483543512","275","187.8221288613","0.1872424242","1.0991712928","4.5852667255","0.025298253","0.1164769509","0.44","0.000881207","6.985670283","0.0019755052","0.19","0.0111770725","0.2217687582","10","0.0008812005","0.2217671345","4","1.0000073218","6.9856191354","1","1.0000073218","PICON 32P 440G","1.0000073218","","","","","","","","","",""
"0.0000033405","0","0","159.6638655462","0","0","11.4186361068","0","0","11.4186361068","159.6638655462","11.4186361068","159.6638655462","190","159.6638655462","0","0","159.6638655462","1","11.4186361068","0.32","0.0018431683","13.5881769671","0.003842659","0.19","0.0228853507","0.4540773824","19.5957","","","0.0000999629","0.0000033405","","1.0000073566","","1.0000073566","TARTINO","FALAIT","SPREAD PORTIONS","320","TARTINO PORTION","223","1.0000073566","true","1.0000073566","0","0","159.6638655462","0","0","11.4187201093","0","0","11.4187201093","159.6638655462","11.4187201093","159.6638655462","190","159.6638655462","0","0","159.6638655462","1","11.4187201093","0.32","0.0018431819","13.58827693","0.0038426823","0.19","0.022885519","0.4540807229","19.5957","0.0018431683","0.4540773824","4","","13.5881769676","1","1.0000073566","TARTINO 320G","1.0000073566","","","","","","","","","",""
"0.0000020159","0","0","172.268907563","0","0","7.435999911","0","0","7.435999911","172.268907563","7.435999911","172.268907563","205","172.268907563","0","0","172.268907563","1","7.435999911","0.32","0.0026607505","8.8488398941","0.0025024015","0.19","0.0138128232","0.2740657424","23.6453","","","0.0000650887","0.0000020159","","1.0000073556","","1.0000073556","TARTINO","FALAIT","SPREAD PORTIONS","320","TARTINO PORTION","224","1.0000073556","true","1.0000073556","0","0","172.268907563","0","0","7.4360546074","0","0","7.4360546074","172.268907563","7.4360546074","172.268907563","205","172.268907563","0","0","172.268907563","1","7.4360546074","0.32","0.0026607701","8.8489049828","0.0025024166","0.19","0.0138129249","0.2740677583","23.6453","0.0026607505","0.2740657424","4","","8.8488398948","1","1.0000073556","TARTINO GOUDA 320G","1.0000073556","","","","","","","","","",""
"0.0000017649","0","0","168.0672268908","0","0","6.3439783553","0","0","6.3439783553","168.0672268908","6.3439783553","168.0672268908","200","168.0672268908","0","0","168.0672268908","1","6.3439783553","0.32","0.0042212538","7.5493342428","0.0021349087","0.19","0.0120789348","0.239662969","19.2801","","","0.0000555927","0.0000017649","","1.0000073639","","1.0000073639","TARTINO","FALAIT","SPREAD BARRES","320","TARTINO BARRES","225","1.0000073639","true","1.0000073639","0","0","168.0672268908","0","0","6.3440250719","0","0","6.3440250719","168.0672268908","6.3440250719","168.0672268908","200","168.0672268908","0","0","168.0672268908","1","6.3440250719","0.32","0.0042212849","7.5493898355","0.0021349216","0.19","0.0120790237","0.2396647339","19.2801","0.0042212538","0.239662969","4","","7.5493342443","1","1.0000073639","TARTINO FRMG Rouge 320G","1.0000073639","","","","","","","","","",""
"0.0000264355","0","0","134.4537815126","0","0","110.7488452058","0","0","110.7488452058","134.4537815126","110.7488452058","134.4537815126","160","134.4537815126","0","0","134.4537815126","1","110.7488452058","0.22","0.012293643","131.7911257949","0.0372697792","0.19","0.181212798","3.5955154939","57.5275","","","0.0009689752","0.0000264355","","1.0000073524","","1.0000073524","TARTINO","FALAIT","SPREAD SLICES","220","TARTINO SLICES","226","1.0000073524","true","1.0000073524","0","0","134.4537815126","0","0","110.7496594706","0","0","110.7496594706","134.4537815126","110.7496594706","134.4537815126","160","134.4537815126","0","0","134.4537815126","1","110.7496594706","0.22","0.0122937334","131.79209477","0.0372700047","0.19","0.1812141303","3.5955419294","57.5275","0.012293643","3.5955154939","4","","131.7911257944","1","1.0000073524","TARTINO JUNIOR 16P 220G","1.0000073524","","","","","","","","","",""
"0.000006417","0","0","197.4789915966","0","0","26.3137396355","0","0","26.3137396355","197.4789915966","26.3137396355","197.4789915966","235","197.4789915966","0","0","197.4789915966","1","26.3137396355","0.33","0.0097313992","31.3133501662","0.008855237","0.19","0.0439719385","0.8724647931","38.9588","","","0.0002303101","0.000006417","","1.000007355","","1.000007355","TARTINO","FALAIT","SPREAD SLICES","330","TARTINO SLICES","227","1.000007355","true","1.000007355","0","0","197.4789915966","0","0","26.3139331734","0","0","26.3139331734","197.4789915966","26.3139331734","197.4789915966","235","197.4789915966","0","0","197.4789915966","1","26.3139331734","0.33","0.0097314708","31.3135804764","0.0088552906","0.19","0.0439722619","0.8724712101","38.9588","0.0097313992","0.8724647931","4","","31.3133501659","1","1.000007355","TARTINO JUNIOR 24P 330G","1.000007355","","","","","","","","","",""
"0.000015129","0","0","163.8655462185","0","0","70.6333444707","0","0","70.6333444707","163.8655462185","70.6333444707","163.8655462185","195","163.8655462185","0","0","163.8655462185","1","70.6333444707","0.24","0.0025065649","84.0536799201","0.0237699016","0.19","0.103450683","2.0526063152","44.2036","","","0.0006195286","0.000015129","","1.0000073706","","1.0000073706","TARTINO","FALAIT","SPREAD BARRES","240","TARTINO BARRES","228","1.0000073706","true","1.0000073706","0","0","163.8655462185","0","0","70.633865083","0","0","70.633865083","163.8655462185","70.633865083","163.8655462185","195","163.8655462185","0","0","163.8655462185","1","70.633865083","0.24","0.0025065834","84.0542994487","0.0237700458","0.19","0.1034514455","2.0526214442","44.2036","0.0025065649","2.0526063152","4","","84.0536799191","1","1.0000073706","TARTINO EXC. CHED 16P 240G","1.0000073706","","","","","","","","","",""
"0.0000015952","0","0","226.8907563025","0","0","6.8584372969","0","0","6.8584372969","226.8907563025","6.8584372969","226.8907563025","270","226.8907563025","0","0","226.8907563025","1","6.8584372969","0.36","0.0013663116","8.1615403833","0.0023080371","0.19","0.0108820538","0.2159151762","25.1826","","","0.0000602979","0.0000015952","","1.0000073881","","1.0000073881","TARTINO","FALAIT","SPREAD BARRES","360","TARTINO BARRES","229","1.0000073881","true","1.0000073881","0","0","226.8907563025","0","0","6.8584879674","0","0","6.8584879674","226.8907563025","6.8584879674","226.8907563025","270","226.8907563025","0","0","226.8907563025","1","6.8584879674","0.36","0.0013663217","8.1616006812","0.0023080511","0.19","0.0108821342","0.2159167714","25.1826","0.0013663116","0.2159151762","4","","8.1615403849","1","1.0000073881","TARTINO EXC. CHED 24P 360G","1.0000073881","","","","","","","","","",""
"0.000004786","0","0","117.6470588235","0","0","14.4267690024","0","0","14.4267690024","117.6470588235","14.4267690024","117.6470588235","140","117.6470588235","0","0","117.6470588235","1","14.4267690024","0.27","0.0004739244","17.1678551128","0.0048549716","0.19","0.0331094349","0.6569375197","18.0875","","","0.0001250721","0.000004786","","1.0000072852","","1.0000072852","WALID","ENTREPRISE BICHARI","SPREAD BARRES","270","WALID","230","1.0000072852","true","1.0000072852","0","0","117.6470588235","0","0","14.426874105","0","0","14.426874105","117.6470588235","14.426874105","117.6470588235","140","117.6470588235","0","0","117.6470588235","1","14.426874105","0.27","0.0004739279","17.1679801849","0.0048550006","0.19","0.0331096761","0.6569423057","18.0875","0.0004739244","0.6569375197","4","","17.1678551139","1","1.0000072852","WALID 270G","1.0000072852","","","","","","","","","",""
"0.000001398","9.3988725466","94.1681282869","126.0504201681","0","0","10.6583506719","0.0837858063","0.8930185049","10.6583506719","106.7869500756","9.765332167","97.8397193612","150","106.7869500756","0.1528235294","1.9226770617","3.6715910743","0.0375265904","0.3664596205","0.096","0.0043109094","14.971423003","0.0042338331","0.19","0.0095817107","0.190114549","21.873","1.0000073536","true","0.0001100938","0.000001398","","1.0000073536","1.0000073536","1.0000073536","KIRI","GROUPE BEL","SPREAD AUTRE","96","KIRI CRÈME","232","1.0000073536","true","1.0000073536","9.3989416621","94.1681282869","126.0504201681","0","0","10.6584290491","0.0837858063","0.8930250718","10.6584290491","106.7869500756","9.7654039773","97.8397193612","150","106.7869500756","0.1528235294","1.9226912003","3.6715910743","0.0375265904","0.3664623152","0.096","0.0043109411","14.9715330968","0.0042338587","0.19","0.0095817812","0.190115947","21.873","0.0043109094","0.190114549","4","1.0000073536","14.9714230055","1","1.0000073536","KIRI CREME 6P 96G","1.0000073536","","","","","","","","","",""
"9.322e-7","6.0689463697","182.4438016344","243.6974789916","0","0","6.8731127984","0.0837858063","0.5758692976","6.8731127984","206.6185383126","6.2972435008","189.3068374836","290","206.6185383126","0.1521515152","1.2334214723","6.8630358492","0.0362535022","0.2282971311","0.192","0.0283208639","9.6467757821","0.0027280532","0.19","0.0063868309","0.1267236618","17.5697","1.0000073562","true","0.0000709639","9.322e-7","","1.0000073562","1.0000073562","1.0000073562","KIRI","GROUPE BEL","SPREAD PORTIONS","192","KIRI CRÈME","233","1.0000073562","true","1.0000073562","6.0689910142","182.4438016344","243.6974789916","0","0","6.8731633585","0.0837858063","0.5758735338","6.8731633585","206.6185383126","6.2972898247","189.3068374836","290","206.6185383126","0.1521515152","1.2334305456","6.8630358492","0.0362535022","0.2282988105","0.192","0.0283210722","9.646846746","0.0027280697","0.19","0.0063868778","0.126724594","17.5697","0.0283208639","0.1267236618","4","1.0000073562","9.6467757788","1","1.0000073562","KIRI CREME 12P 192G","1.0000073562","","","","","","","","","",""
"6.133e-7","2.7801231731","233.1568858437","361.3445378151","0","0","3.6375448367","0.0654945462","0.2382393484","3.6375448367","305.0651260504","3.3993054884","285.0850240583","430","305.0651260504","0.15575","0.6710661632","51.9281382146","0.182149653","0.6191823152","0.35","0.0007966958","5.12724709","0.0014499563","0.19","0.0041733407","0.0828049186","36.2786","1.0000074065","true","0.0000379749","6.133e-7","","1.0000074065","1.0000074065","1.0000074065","KIRI","GROUPE BEL","SPREAD PORTIONS","350","KIRI DELICE ","234","1.0000074065","true","1.0000074065","2.7801437641","233.1568858437","361.3445378151","0","0","3.6375717781","0.0654945462","0.2382411129","3.6375717781","305.0651260504","3.3993306653","285.0850240583","430","305.0651260504","0.15575","0.6710711335","51.9281382146","0.182149653","0.6191869012","0.35","0.0007967017","5.1272850648","0.0014499651","0.19","0.0041733716","0.0828055319","36.2786","0.0007966958","0.0828049186","4","1.0000074065","5.1272470869","1","1.0000074065","KIRI DELICE 350G","1.0000074065","","","","","","","","","",""
"0.0000021045","11.821516177","155.9126712212","222.6890756303","0","0","14.3410400686","0.0654945462","0.9392599113","14.3410400686","189.1423935563","13.4017801573","176.7545983232","265","189.1423935563","0.1506435912","2.543556221","20.841927102","0.1179144831","1.5802639803","0.19","0.0012703958","20.0926695847","0.0056820924","0.19","0.014406065","0.2858364886","61.5365","1.0000073627","true","0.0001479361","0.0000021045","","1.0000073627","1.0000073627","1.0000073627","KIRI","GROUPE BEL","SPREAD PORTIONS","190","KIRI DELICE ","235","1.0000073627","true","1.0000073627","11.8216032152","155.9126712212","222.6890756303","0","0","14.3411456573","0.0654945462","0.9392668268","14.3411456573","189.1423935563","13.4018788305","176.7545983232","265","189.1423935563","0.1506435912","2.5435749485","20.841927102","0.1179144831","1.5802756153","0.19","0.0012704052","20.0928175208","0.0056821269","0.19","0.0144061711","0.2858385931","61.5365","0.0012703958","0.2858364886","4","1.0000073627","20.0926695858","1","1.0000073627","KIRI DELICE 190G","1.0000073627","","","","","","","","","",""
"0.0000050116","0","0","109.243697479","0","0","17.2164718856","0","0","17.2164718856","109.243697479","17.2164718856","109.243697479","130","109.243697479","0","0","109.243697479","1","17.2164718856","0.22","0.0005379309","20.4876015438","0.0057937769","0.19","0.0346713257","0.6879276194","18.3744","","","0.0001492523","0.0000050116","","1.000007285","","1.000007285","dialna","SOUMMAM","SPREAD PORTIONS","220","DIALNA","242","1.000007285","true","1.000007285","0","0","109.243697479","0","0","17.2165973077","0","0","17.2165973077","109.243697479","17.2165973077","109.243697479","130","109.243697479","0","0","109.243697479","1","17.2165973077","0.22","0.0005379348","20.4877507962","0.0057938116","0.19","0.0346715783","0.687932631","18.3744","0.0005379309","0.6879276194","4","","20.4876015425","1","1.000007285","DIALNA 16P 220G","1.000007285","","","","","","","","","",""
"-0.0004988741","0","0","96.6386554622","0","0","25.7430550699","0","0","25.7430550699","96.6386554622","25.7430550699","96.6386554622","115","96.6386554622","0","0","96.6386554622","1","25.7430550699","0.22","0.0007099009","30.6342355331","0.0086631872","0.19","0.0586046245","1.1627977591","19.1989","","","-0.0131429778","-0.012038111","","0.9995709709","","0.9995709709","TOP SOUMA","SOUMMAM","SPREAD PORTIONS","220","TOP SOUMA","243","0.9995709709","true","0.9995709709","0","0","96.6386554622","0","0","25.7320105507","0","0","25.7320105507","96.6386554622","25.7320105507","96.6386554622","115","96.6386554622","0","0","96.6386554622","1","25.7320105507","0.22","0.0007025515","30.6210925553","0.0086594592","0.19","0.0585794814","1.162298885","19","0.0007099009","1.1627977591","4","","30.6342355319","1","0.9995709709","TOP SOUMA16P 220G","0.9995709709","","","","","","","","","",""
"","0","360.3451880555","0","0","0","0","0.0500447941","0","0","0","0","0","600","0","0.1325","0","0","0","0","0.96","0","","","0.19","0","0","22","0","true","","","0","0","0","0","LA VACHE QUI RIT","GROUPE BEL","SPREAD BARRES","960","LVQR CHEF","168","","","0","0","360.3451880555","0","0","0","0","0.0500447941","0","0","0","0","0","600","0","0.1325","0","0","0","0","0.96","0","","","0.19","0","0","22","0","0","4","0","0","0","0","LVQR CHEF 960G","0","","","","","","","","","",""
"","0","121.0086023398","0","0","0","0","0.0500447941","0","0","0","0","0","250","0","0.1588","0","0","0","0","0.3","0","","","0.19","0","0","22","0","true","","","0","0","0","0","LA VACHE QUI RIT","GROUPE BEL","SPREAD BARRES","300","LVQR CHEF","171","","","0","0","121.0086023398","0","0","0","0","0.0500447941","0","0","0","0","0","250","0","0.1588","0","0","0","0","0.3","0","","","0.19","0","0","22","0","0","4","0","0","0","0","LVQR CHEF MOZZARELLA 300G","0","","","","","","","","","",""
"","0","121.0086023398","0","0","0","0","0.0500447941","0","0","0","0","0","250","0","0.1588","0","0","0","0","0.3","0","","","0.19","0","0","22","0","true","","","0","0","0","0","LA VACHE QUI RIT","GROUPE BEL","SPREAD BARRES","300","LVQR CHEF","172","","","0","0","121.0086023398","0","0","0","0","0.0500447941","0","0","0","0","0","250","0","0.1588","0","0","0","0","0.3","0","","","0.19","0","0","25","0","0","4","0","0","0","0","LVQR CHEF NOIRES OLIVES 300G","0","","","","","","","","","",""
"","0","121.0086023398","0","0","0","0","0.0500447941","0","0","0","0","0","250","0","0.1588","0","0","0","0","0.3","0","","","0.19","0","0","22","0","true","","","0","0","0","0","LA VACHE QUI RIT","GROUPE BEL","SPREAD BARRES","300","LVQR CHEF","173","","","0","0","121.0086023398","0","0","0","0","0.0500447941","0","0","0","0","0","250","0","0.1588","0","0","0","0","0.3","0","","","0.19","0","0","22","0","0","4","0","0","0","0","LVQR CHEF CAMEMBERT300G","0","","","","","","","","","",""
"","0","181.5129035098","0","0","0","0","0.0500447941","0","0","0","0","0","280","0","0.1588","0","0","0","0","0.45","0","","","0.19","0","0","22","0","true","","","0","0","0","0","LA VACHE QUI RIT","GROUPE BEL","Sauces fromagéres","450","LVQR SAUCE","178","","","0","0","181.5129035098","0","0","0","0","0.0500447941","0","0","0","0","0","280","0","0.1588","0","0","0","0","0.45","0","","","0.19","0","0","22","0","0","4","0","0","0","0","LVQR CHEF Nat 450G","0","","","","","","","","","",""
"","0","181.5129035098","0","0","0","0","0.0500447941","0","0","0","0","0","280","0","0.1588","0","0","0","0","0.45","0","","","0.19","0","0","22","0","true","","","0","0","0","0","LA VACHE QUI RIT","GROUPE BEL","Sauces fromagéres","450","LVQR SAUCE","179","","","0","0","181.5129035098","0","0","0","0","0.0500447941","0","0","0","0","0","280","0","0.1588","0","0","0","0","0.45","0","","","0.19","0","0","22","0","0","4","0","0","0","0","LVQR CHEF fromages 450G","0","","","","","","","","","",""
"","0","181.5129035098","0","0","0","0","0.0500447941","0","0","0","0","0","280","0","0.1588","0","0","0","0","0.45","0","","","0.19","0","0","22","0","true","","","0","0","0","0","LA VACHE QUI RIT","GROUPE BEL","Sauces fromagéres","450","LVQR SAUCE","180","","","0","0","181.5129035098","0","0","0","0","0.0500447941","0","0","0","0","0","280","0","0.1588","0","0","0","0","0.45","0","","","0.19","0","0","22","0","0","4","0","0","0","0","LVQR CHEF 3poivres 450G","0","","","","","","","","","",""
"","0","80.6724015599","0","0","0","0","0.0500447941","0","0","0","0","0","150","0","0.1588","0","0","0","0","0.2","0","","","0.19","0","0","22","0","true","","","0","0","0","0","LA VACHE QUI RIT","GROUPE BEL","Sauces fromagéres","200","LVQR SAUCE","181","","","0","0","80.6724015599","0","0","0","0","0.0500447941","0","0","0","0","0","150","0","0.1588","0","0","0","0","0.2","0","","","0.19","0","0","22","0","0","4","0","0","0","0","LVQR CHEF fromages 200G","0","","","","","","","","","",""
"","0","80.6724015599","0","0","0","0","0.0500447941","0","0","0","0","0","150","0","0.1588","0","0","0","0","0.2","0","","","0.19","0","0","22","0","true","","","0","0","0","0","LA VACHE QUI RIT","GROUPE BEL","Sauces fromagéres","200","LVQR SAUCE","182","","","0","0","80.6724015599","0","0","0","0","0.0500447941","0","0","0","0","0","150","0","0.1588","0","0","0","0","0.2","0","","","0.19","0","0","22","0","0","4","0","0","0","0","LVQR CHEF 3poivres 200G","0","","","","","","","","","",""
"","0","209.8481076348","0","0","0","0","0.0686777347","0","0","0","0","0","400","0","0.1633547315","0","0","0","0","0.48","0","","","0.19","0","0","22","0","true","","","0","0","0","0","LA VACHE QUI RIT","GROUPE BEL","SPREAD PORTIONS","480","LVQR PORTIONS","186","","","0","0","209.8481076348","0","0","0","0","0.0686777347","0","0","0","0","0","400","0","0.1633547315","0","0","0","0","0.48","0","","","0.19","0","0","22","0","0","4","0","0","0","0","LVQR ORG 32P 480G","0","","","","","","","","","",""
"","0","52.9076674959","0","0","0","0","0.0686777347","0","0","0","0","0","105","0","0.1619111111","0","0","0","0","0.12","0","","","0.19","0","0","22","0","true","","","0","0","0","0","LA VACHE QUI RIT","GROUPE BEL","SPREAD PORTIONS","120","LVQR PORTIONS","188","","","0","0","52.9076674959","0","0","0","0","0.0686777347","0","0","0","0","0","105","0","0.1619111111","0","0","0","0","0.12","0","","","0.19","0","0","22","0","0","4","0","0","0","0","LVQR EMTL 8P 120G","0","","","","","","","","","",""
"","0","52.9076674959","0","0","0","0","0.0686777347","0","0","0","0","0","105","0","0.1619111111","0","0","0","0","0.12","0","","","0.19","0","0","22","0","true","","","0","0","0","0","LA VACHE QUI RIT","GROUPE BEL","SPREAD PORTIONS","120","LVQR PORTIONS","190","","","0","0","52.9076674959","0","0","0","0","0.0686777347","0","0","0","0","0","105","0","0.1619111111","0","0","0","0","0.12","0","","","0.19","0","0","22","0","0","4","0","0","0","0","LVQR EDAM 8P 120G","0","","","","","","","","","",""
"","0","43.1230197786","0","0","0","0","0.0725908339","0","0","0","0","0","90","0","0.1848888889","0","0","0","0","0.11","0","","","0.19","0","0","22","0","true","","","0","0","0","0","LA VACHE QUI RIT","GROUPE BEL","SPREAD PORTIONS","110","LVQR SIMPLY","191","","","0","0","43.1230197786","0","0","0","0","0.0725908339","0","0","0","0","0","90","0","0.1848888889","0","0","0","0","0.11","0","","","0.19","0","0","22","0","0","4","0","0","0","0","LVQR SIMPLY 8P 110G","0","","","","","","","","","",""
"","0","78.6720530535","0","0","0","0","0.0725908339","0","0","0","0","0","160","0","0.17575","0","0","0","0","0.22","0","","","0.19","0","0","22","0","true","","","0","0","0","0","LA VACHE QUI RIT","GROUPE BEL","SPREAD PORTIONS","220","LVQR SIMPLY","192","","","0","0","78.6720530535","0","0","0","0","0.0725908339","0","0","0","0","0","160","0","0.17575","0","0","0","0","0.22","0","","","0.19","0","0","22","0","0","4","0","0","0","0","LVQR SIMPLY 16P 220G","0","","","","","","","","","",""
"","0","118.3600817837","0","0","0","0","0.0725908339","0","0","0","0","0","240","0","0.1749166667","0","0","0","0","0.33","0","","","0.19","0","0","22","0","true","","","0","0","0","0","LA VACHE QUI RIT","GROUPE BEL","SPREAD PORTIONS","330","LVQR SIMPLY","193","","","0","0","118.3600817837","0","0","0","0","0.0725908339","0","0","0","0","0","240","0","0.1749166667","0","0","0","0","0.33","0","","","0.19","0","0","22","0","0","4","0","0","0","0","LVQR SIMPLY 24P 330G","0","","","","","","","","","",""
"","0","157.8134423783","0","0","0","0","0.0725908339","0","0","0","0","0","300","0","0.1749166667","0","0","0","0","0.44","0","","","0.19","0","0","22","0","true","","","0","0","0","0","LA VACHE QUI RIT","GROUPE BEL","SPREAD PORTIONS","440","LVQR SIMPLY","194","","","0","0","157.8134423783","0","0","0","0","0.0725908339","0","0","0","0","0","300","0","0.1749166667","0","0","0","0","0.44","0","","","0.19","0","0","22","0","0","4","0","0","0","0","LVQR SIMPLY 32P 440G","0","","","","","","","","","",""
"","0","62.7787521913","0","0","0","0","0.0837858063","0","0","0","0","0","115","0","0.1528235294","0","0","0","0","0.064","0","","","0.19","0","0","19","0","true","","","0","0","0","0","KIRI","GROUPE BEL","SPREAD PORTIONS","64","KIRI CRÈME","231","","","0","0","62.7787521913","0","0","0","0","0.0837858063","0","0","0","0","0","115","0","0.1528235294","0","0","0","0","0.064","0","","","0.19","0","0","19","0","0","4","0","0","0","0","KIRI CREME 4P 64G","0","","","","","","","","","",""
"","0","103.0208999146","0","0","0","0","0.0837858063","0","0","0","0","0","170","0","0.1525491423","0","0","0","0","0.12","0","","","0.19","0","0","19","0","true","","","0","0","0","0","KIRI","GROUPE BEL","SPREAD AUTRE","120","KIRI TARTINE","236","","","0","0","103.0208999146","0","0","0","0","0.0837858063","0","0","0","0","0","170","0","0.1525491423","0","0","0","0","0.12","0","","","0.19","0","0","19","0","0","4","0","0","0","0","KIRI TARTINE Nat 120G","0","","","","","","","","","",""
"","0","103.0208999146","0","0","0","0","0.0837858063","0","0","0","0","0","170","0","0.1525491423","0","0","0","0","0.12","0","","","0.19","0","0","19","0","true","","","0","0","0","0","KIRI","GROUPE BEL","SPREAD AUTRE","120","KIRI TARTINE","237","","","0","0","103.0208999146","0","0","0","0","0.0837858063","0","0","0","0","0","170","0","0.1525491423","0","0","0","0","0.12","0","","","0.19","0","0","19","0","0","4","0","0","0","0","KIRI TARTINE AIL/HERBES 120G","0","","","","","","","","","",""
"","0","88.2826202689","0","0","0","0","0.0837858063","0","0","0","0","0","170","0","0.1528235294","0","0","0","0","0.09","0","","","0.19","0","0","19","0","true","","","0","0","0","0","KIRI","GROUPE BEL","SPREAD PORTIONS","90","KIRI GREEK","238","","","0","0","88.2826202689","0","0","0","0","0.0837858063","0","0","0","0","0","170","0","0.1528235294","0","0","0","0","0.09","0","","","0.19","0","0","19","0","0","4","0","0","0","0","KIRI GREEK 6P 90GR","0","","","","","","","","","",""
"","0","155.9126712212","0","0","0","0","0.0654945462","0","0","0","0","0","270","0","0.1694444444","0","0","0","0","0.19","0","","","0.19","0","0","19","0","true","","","0","0","0","0","KIRI","GROUPE BEL","SPREAD AUTRE","190","KIRI GREEK","239","","","0","0","155.9126712212","0","0","0","0","0.0654945462","0","0","0","0","0","270","0","0.1694444444","0","0","0","0","0.19","0","","","0.19","0","0","19","0","0","4","0","0","0","0","KIRI GREEK BRQT 190G","0","","","","","","","","","",""
"","0","88.2826202689","0","0","0","0","0.0837858063","0","0","0","0","0","120","0","0.1528235294","0","0","0","0","0.09","0","","","0.19","0","0","19","0","true","","","0","0","0","0","KIRI","GROUPE BEL","SPREAD PORTIONS","90","KIRI YAOUMI","240","","","0","0","88.2826202689","0","0","0","0","0.0837858063","0","0","0","0","0","120","0","0.1528235294","0","0","0","0","0.09","0","","","0.19","0","0","19","0","0","4","0","0","0","0","KIRI YAOUMI 6P 90G","0","","","","","","","","","",""
"","0","58.8550801793","0","0","0","0","0.0837858063","0","0","0","0","0","80","0","0.1528235294","0","0","0","0","0.06","0","","","0.19","0","0","19","0","true","","","0","0","0","0","KIRI","GROUPE BEL","SPREAD PORTIONS","60","KIRI YAOUMI","241","","","0","0","58.8550801793","0","0","0","0","0.0837858063","0","0","0","0","0","80","0","0.1528235294","0","0","0","0","0.06","0","","","0.19","0","0","19","0","0","4","0","0","0","0","KIRI YAOUMI 4P 60G","0","","","","","","","","","",""
"","0","0","0","0","0","0","0","0","0","0","0","0","120","0","0","0","0","0","0","0.125","0","","","0.19","0","0","20","0","","","","0","0","0","0","FONDELICE","procheese","SPREAD AUTRE","125","FONDELICE","244","","","0","0","0","0","0","0","0","0","0","0","0","0","0","120","0","0","0","0","0","0","0.125","0","","","0.19","0","0","20","0","0","4","0","0","0","0","FONDELICE CHED 125G","0","","","","","","","","","",""
"","0","0","0","0","0","0","0","0","0","0","0","0","110","0","0","0","0","0","0","0.125","0","","","0.19","0","0","20","0","","","","0","0","0","0","FONDELICE","procheese","SPREAD AUTRE","125","FONDELICE","245","","","0","0","0","0","0","0","0","0","0","0","0","0","0","110","0","0","0","0","0","0","0.125","0","","","0.19","0","0","20","0","0","4","0","0.0141757097","0","0","FONDELICE Alg. 125G","0","","","","","","","","","",""
"","0","0","0","0","0","0","0","0","0","0","0","0","110","0","0","0","0","0","0","0.125","0","","","0.19","0","0","20","0","","","","0","0","0","0","FONDELICE","procheese","SPREAD AUTRE","125","FONDELICE","246","","","0","0","0","0","0","0","0","0","0","0","0","0","0","110","0","0","0","0","0","0","0.125","0","","","0.19","0","0","20","0","0","4","0","0.3591609358","0","0","FONDELICE GRILLE 125G","0","","","","","","","","","",""
"","0","0","0","0","0","0","0","0","0","0","0","0","205","0","0","0","0","0","0","0.34","0","","","0.19","0","0","20","0","","","","0","0","0","0","FONDELICE","procheese","SPREAD AUTRE","340","FONDELICE","247","","","0","0","0","0","0","0","0","0","0","0","0","0","0","205","0","0","0","0","0","0","0.34","0","","","0.19","0","0","20","0","0","4","0","0.0306389496","0","0","FONDELICE EMTL 340G","0","","","","","","","","","",""
"","0","0","0","0","0","0","0","0","0","0","0","0","175","0","0","0","0","0","0","0.34","0","","","0.19","0","0","20","0","","","","0","0","0","0","FONDELICE","procheese","SPREAD AUTRE","340","FONDELICE","248","","","0","0","0","0","0","0","0","0","0","0","0","0","0","175","0","0","0","0","0","0","0.34","0","","","0.19","0","0","20","0","0","4","0","0.1026233603","0","0","FONDELICE Nat 340G","0","","","","","","","","","",""
"","0","0","0","0","0","0","0","0","0","0","0","0","190","0","0","0","0","0","0","0.34","0","","","0.19","0","0","20","0","","","","0","0","0","0","FONDELICE","procheese","SPREAD AUTRE","340","FONDELICE","249","","","0","0","0","0","0","0","0","0","0","0","0","0","0","190","0","0","0","0","0","0","0.34","0","","","0.19","0","0","20","0","0","4","0","0.0313840875","0","0","FONDELICE AIL/Herbes 340G","0","","","","","","","","","",""