"base_cogs","base_cogs_sku","base_consumer_price","base_distributor_margin","base_distributor_margin_value","base_distributor_sales","base_gross_net","base_gross_net_value","base_gross_sales","base_gross_sales_per_sku","base_net_sales","base_net_sales_per_sku","base_price","base_price_to_retailer","base_retailer_margin","base_retailer_margin_value","base_sales_margin_per_sku","base_sales_margin_percent","base_sales_margin_value","base_size","base_sop","base_value_sales","base_value_share","base_vat","base_volume","base_volume_share","base_wd","cogs_index","company","diff_value_sales","distributor_margin_value_index","distributor_sales_index","gross_net_value_index","gross_sales_index","group_brand","group_manufacturer","group_segments","group_size","group_sub_brand","id","index_volume_share","is_active","net_sales_index","new_cogs","new_cogs_sku","new_consumer_price","new_distributor_margin","new_distributor_margin_value","new_distributor_sales","new_gross_net","new_gross_net_value","new_gross_sales","new_gross_sales_per_sku","new_net_sales","new_net_sales_per_sku","new_price","new_price_to_retailer","new_retailer_margin","new_retailer_margin_value","new_sales_margin_per_sku","new_sales_margin_percent","new_sales_margin_value","new_size","new_sop","new_value_sales","new_value_share","new_vat","new_volume","new_volume_share","new_wd","old_sop","old_volume_share","project_id","retailer_margin_value_index","sales","sales_margin_percent_index","sales_margin_value_index","sku_name","volume_index","newvat","basevat","baseretailermargin","newretailermargin","basedistributormargin","newdistributormargin","basegrosstonet","newgrosstonet","basecogspersku","newcogspersku"
"101.6554478391","225.2157425347","352.9411764706","0","0","138.1986262823","0.0500447941","6.9161217951","138.1986262823","306.1764705882","131.2825044872","290.8539321641","420","306.1764705882","0.1325","21.1081475301","65.6381896294","0.2256740665","29.6270566481","0.6","0.0156813405","189.5750608368","0.0536107467","0.19","0.2708215155","5.3734778444","71.856","1","true","0","","1","1","1","LA VACHE QUI RIT","GROUPE BEL","SPREAD BARRES","600","LVQR CHEF","169","1","true","1","101.6554478391","225.2157425347","352.9411764706","0","0","138.1986262823","0.0500447941","6.9161217951","138.1986262823","306.1764705882","131.2825044872","290.8539321641","420","306.1764705882","0.1325","21.1081475301","65.6381896294","0.2256740665","29.6270566481","0.6","0.0156813405","189.5750608368","0.0536107467","0.19","0.2708215155","5.3734778444","71.856","0.0156813405","5.3734778444","4","1","189.5750608368","1","1","LVQR CHEF 600G","1","","","","","","","","","",""
"70.7890992555","113.9324517615","184.8739495798","0","0","97.4670083076","0.0500447941","4.8777163608","97.4670083076","156.8695652174","92.5892919468","149.019060128","220","156.8695652174","0.1514782609","17.3998287018","35.0866083664","0.2354504742","21.8001926913","0.3","0.0118379945","136.6915360411","0.0386555873","0.19","0.1863975491","3.6983882126","73.9436","1","true","0","","1","1","1","LA VACHE QUI RIT","GROUPE BEL","SPREAD BARRES","300","LVQR CHEF","170","1","true","1","70.7890992555","113.9324517615","184.8739495798","0","0","97.4670083076","0.0500447941","4.8777163608","97.4670083076","156.8695652174","92.5892919468","149.019060128","220","156.8695652174","0.1514782609","17.3998287018","35.0866083664","0.2354504742","21.8001926913","0.3","0.0118379945","136.6915360411","0.0386555873","0.19","0.1863975491","3.6983882126","73.9436","0.0118379945","3.6983882126","4","1","136.6915360411","1","1","LVQR CHEF 300G","1","","","","","","","","","",""
"13.7750438446","121.0086023398","197.4789915966","0","0","18.910234303","0.0500447941","0.9463587818","18.910234303","166.1193277311","17.9638755212","157.8059201813","235","166.1193277311","0.1588","3.5698350063","36.7973178415","0.2331808452","4.1888316767","0.3","0.008410359","26.7512824781","0.0075651102","0.19","0.0341505734","0.6775951648","64.2697","1","true","0","","1","1","1","LA VACHE QUI RIT","GROUPE BEL","SPREAD BARRES","300","LVQR CHEF","174","1","true","1","13.7750438446","121.0086023398","197.4789915966","0","0","18.910234303","0.0500447941","0.9463587818","18.910234303","166.1193277311","17.9638755212","157.8059201813","235","166.1193277311","0.1588","3.5698350063","36.7973178415","0.2331808452","4.1888316767","0.3","0.008410359","26.7512824781","0.0075651102","0.19","0.0341505734","0.6775951648","64.2697","0.008410359","0.6775951648","4","1","26.7512824781","1","1","LVQR CHEF GREEN OLIVES 300G","1","","","","","","","","","",""
"12.0104556473","112.5682112812","189.0756302521","0","0","16.9698709375","0.0500447941","0.8492536967","16.9698709375","159.0504201681","16.1206172408","151.0907746417","225","159.0504201681","0.1588","3.2035372145","38.5225633605","0.2549630409","4.1101615935","0.3","0.0038052118","24.006355701","0.0067888606","0.19","0.0320084743","0.6350929209","62.8095","1","true","0","","1","1","1","LA VACHE QUI RIT","GROUPE BEL","SPREAD BARRES","300","LVQR CHEF","175","1","true","1","12.0104556473","112.5682112812","189.0756302521","0","0","16.9698709375","0.0500447941","0.8492536967","16.9698709375","159.0504201681","16.1206172408","151.0907746417","225","159.0504201681","0.1588","3.2035372145","38.5225633605","0.2549630409","4.1101615935","0.3","0.0038052118","24.006355701","0.0067888606","0.19","0.0320084743","0.6350929209","62.8095","0.0038052118","0.6350929209","4","1","24.006355701","1","1","LVQR CHEF AIL/HERBES 300G","1","","","","","","","","","",""
"10.5066713508","111.322481894","193.2773109244","0","0","15.3448414744","0.0500447941","0.7679294318","15.3448414744","162.5848739496","14.5769120425","154.4483474115","230","162.5848739496","0.1588","2.8967675061","43.1258655175","0.2792251665","4.0702406917","0.3","0.0104552409","21.7075146868","0.0061387614","0.19","0.0283141496","0.5617923496","47.8922","1","true","0","","1","1","1","LA VACHE QUI RIT","GROUPE BEL","SPREAD BARRES","300","LVQR CHEF","176","1","true","1","10.5066713508","111.322481894","193.2773109244","0","0","15.3448414744","0.0500447941","0.7679294318","15.3448414744","162.5848739496","14.5769120425","154.4483474115","230","162.5848739496","0.1588","2.8967675061","43.1258655175","0.2792251665","4.0702406917","0.3","0.0104552409","21.7075146868","0.0061387614","0.19","0.0283141496","0.5617923496","47.8922","0.0104552409","0.5617923496","4","1","21.7075146868","1","1","LVQR EMTL 300G","1","","","","","","","","","",""
"8.8197946306","121.3407922081","180.6722689076","0","0","11.0469505303","0.0500447941","0.5528423645","11.0469505303","151.981512605","10.4941081657","144.3756291021","215","151.981512605","0.1588","2.0854205233","23.034836894","0.1595479586","1.6743135351","0.3","0.0046996498","15.6275215538","0.004419374","0.19","0.021805844","0.4326584598","50.3425","1","true","0","","1","1","1","LA VACHE QUI RIT","GROUPE BEL","SPREAD BARRES","300","LVQR CHEF","177","1","true","1","8.8197946306","121.3407922081","180.6722689076","0","0","11.0469505303","0.0500447941","0.5528423645","11.0469505303","151.981512605","10.4941081657","144.3756291021","215","151.981512605","0.1588","2.0854205233","23.034836894","0.1595479586","1.6743135351","0.3","0.0046996498","15.6275215538","0.004419374","0.19","0.021805844","0.4326584598","50.3425","0.0046996498","0.4326584598","4","1","15.6275215538","1","1","LVQR CHEF GRILLE 300G","1","","","","","","","","","",""
"65.6514429717","52.9133389179","88.2352941176","0","0","90.2258090387","0.0686777347","6.1965041776","90.2258090387","72.7196326036","84.0293048611","67.7254129671","105","72.7196326036","0.1758441638","19.2508276342","14.8120740493","0.2187077701","18.3778618894","0.12","0.0173799623","130.2771976407","0.036841649","0.19","0.1488882259","2.9541507498","55.1676","1","true","0","","1","1","1","LA VACHE QUI RIT","GROUPE BEL","SPREAD PORTIONS","120","LVQR PORTIONS","183","1","true","1","65.6514429717","52.9133389179","88.2352941176","0","0","90.2258090387","0.0686777347","6.1965041776","90.2258090387","72.7196326036","84.0293048611","67.7254129671","105","72.7196326036","0.1758441638","19.2508276342","14.8120740493","0.2187077701","18.3778618894","0.12","0.0173799623","130.2771976407","0.036841649","0.19","0.1488882259","2.9541507498","55.1676","0.0173799623","2.9541507498","4","1","130.2771976407","1","1","LVQR ORG 8TP 120G","1","","","","","","","","","",""
"117.5755270839","144.2705739989","252.1008403361","0","0","171.8916685394","0.0686777347","11.8051304116","171.8916685394","210.9189752397","160.0865381278","196.4335378119","300","210.9189752397","0.1633547315","33.561795457","52.162963813","0.2655501927","42.5110110439","0.36","0.0325277111","244.4896221557","0.0691402717","0.19","0.2933875466","5.8212194795","56.7802","1","true","0","","1","1","1","LA VACHE QUI RIT","GROUPE BEL","SPREAD PORTIONS","360","LVQR PORTIONS","184","1","true","1","117.5755270839","144.2705739989","252.1008403361","0","0","171.8916685394","0.0686777347","11.8051304116","171.8916685394","210.9189752397","160.0865381278","196.4335378119","300","210.9189752397","0.1633547315","33.561795457","52.162963813","0.2655501927","42.5110110439","0.36","0.0325277111","244.4896221557","0.0691402717","0.19","0.2933875466","5.8212194795","56.7802","0.0325277111","5.8212194795","4","1","244.4896221557","1","1","LVQR ORG 24P 360G","1","","","","","","","","","",""
"135.2483828471","95.9376841595","168.0672268908","0","0","198.4018381001","0.0686777347","13.6257888039","198.4018381001","140.7352345338","184.7760492961","131.0698574315","200","140.7352345338","0.1626253545","38.5313424923","35.132173272","0.2680415922","49.527666449","0.24","0.0344946849","281.9504849049","0.0797339901","0.19","0.3383405819","6.7131506054","68.4671","1","true","0","","1","1","1","LA VACHE QUI RIT","GROUPE BEL","SPREAD PORTIONS","240","LVQR PORTIONS","185","1","true","1","135.2483828471","95.9376841595","168.0672268908","0","0","198.4018381001","0.0686777347","13.6257888039","198.4018381001","140.7352345338","184.7760492961","131.0698574315","200","140.7352345338","0.1626253545","38.5313424923","35.132173272","0.2680415922","49.527666449","0.24","0.0344946849","281.9504849049","0.0797339901","0.19","0.3383405819","6.7131506054","68.4671","0.0344946849","6.7131506054","4","1","281.9504849049","1","1","LVQR ORG 16P 240G","1","","","","","","","","","",""
"5.3002265535","105.8153349918","189.0756302521","0","0","7.9372756327","0.0686777347","0.5451141103","7.9372756327","158.4621848739","7.3921615224","147.5793609789","225","158.4621848739","0.1619111111","1.5334090857","41.7640259871","0.2829936768","2.0919349689","0.24","0.0227641917","11.270114815","0.0031871242","0.19","0.0120214558","0.2385225055","49.287","1","true","0","","1","1","1","LA VACHE QUI RIT","GROUPE BEL","SPREAD PORTIONS","240","LVQR PORTIONS","187","1","true","1","5.3002265535","105.8153349918","189.0756302521","0","0","7.9372756327","0.0686777347","0.5451141103","7.9372756327","158.4621848739","7.3921615224","147.5793609789","225","158.4621848739","0.1619111111","1.5334090857","41.7640259871","0.2829936768","2.0919349689","0.24","0.0227641917","11.270114815","0.0031871242","0.19","0.0120214558","0.2385225055","49.287","0.0227641917","0.2385225055","4","1","11.270114815","1","1","LVQR EMTL 16P 240G","1","","","","","","","","","",""
"5.2698267545","109.0984612028","197.4789915966","0","0","7.9944519544","0.0686777347","0.5490408505","7.9944519544","165.5049486461","7.4454111039","154.1384436891","235","165.5049486461","0.1619111111","1.5444550284","45.0399824863","0.2922047311","2.1755843493","0.24","0.0309064565","11.3512993094","0.0032100827","0.19","0.0115928163","0.2300176983","46.1865","1","true","0","","1","1","1","LA VACHE QUI RIT","GROUPE BEL","SPREAD PORTIONS","240","LVQR PORTIONS","189","1","true","1","5.2698267545","109.0984612028","197.4789915966","0","0","7.9944519544","0.0686777347","0.5490408505","7.9944519544","165.5049486461","7.4454111039","154.1384436891","235","165.5049486461","0.1619111111","1.5444550284","45.0399824863","0.2922047311","2.1755843493","0.24","0.0309064565","11.3512993094","0.0032100827","0.19","0.0115928163","0.2300176983","46.1865","0.0309064565","0.2300176983","4","1","11.3512993094","1","1","LVQR EDAM 16P 240G","1","","","","","","","","","",""
"8.1340938558","118.6553071744","184.8739495798","0","0","10.4169778342","0.035","0.3645942242","10.4169778342","151.9566563467","10.05238361","146.6381733746","220","151.9566563467","0.1780526316","2.2565560615","27.9828662002","0.1908293424","1.9182897541","0.2","0.0151470824","15.0815053359","0.0042649638","0.19","0.0137104594","0.2720347003","46.2638","1","true","0","","1","1","1","LA VACHE QUI RIT","GROUPE BEL","SPREAD AUTRE","200","LVQR SPREAD","195","1","true","1","8.1340938558","118.6553071744","184.8739495798","0","0","10.4169778342","0.035","0.3645942242","10.4169778342","151.9566563467","10.05238361","146.6381733746","220","151.9566563467","0.1780526316","2.2565560615","27.9828662002","0.1908293424","1.9182897541","0.2","0.0151470824","15.0815053359","0.0042649638","0.19","0.0137104594","0.2720347003","46.2638","0.0151470824","0.2720347003","4","1","15.0815053359","1","1","LVQR koul youm 200G","1","","","","","","","","","",""
"0","0","71.4285714286","0","0","7.9045138818","0","0","7.9045138818","71.4285714286","7.9045138818","71.4285714286","85","71.4285714286","0","0","71.4285714286","1","7.9045138818","0.11","0.0163442966","9.4063715193","0.0026600683","0.19","0.0121729514","0.2415283897","11.675","","","0","","1","","1","CHEEZY","FALAIT","SPREAD PORTIONS","110","CHEEZY PORTIONS","196","1","true","1","0","0","71.4285714286","0","0","7.9045138818","0","0","7.9045138818","71.4285714286","7.9045138818","71.4285714286","85","71.4285714286","0","0","71.4285714286","1","7.9045138818","0.11","0.0163442966","9.4063715193","0.0026600683","0.19","0.0121729514","0.2415283897","11.675","0.0163442966","0.2415283897","4","","9.4063715193","1","1","CHEEZY  8P 110G","1","","","","","","","","","",""
"0","0","109.243697479","0","0","204.2008341419","0","0","204.2008341419","109.243697479","204.2008341419","109.243697479","130","109.243697479","0","0","109.243697479","1","204.2008341419","0.22","0.0532457487","242.9989926289","0.0687187301","0.19","0.4112290644","8.1593600968","75.3169","","","0","","1","","1","CHEEZY","FALAIT","SPREAD PORTIONS","220","CHEEZY PORTIONS","197","1","true","1","0","0","109.243697479","0","0","204.2008341419","0","0","204.2008341419","109.243697479","204.2008341419","109.243697479","130","109.243697479","0","0","109.243697479","1","204.2008341419","0.22","0.0532457487","242.9989926289","0.0687187301","0.19","0.4112290644","8.1593600968","75.3169","0.0532457487","8.1593600968","4","","242.9989926289","1","1","CHEEZY 16P 220G","1","","","","","","","","","",""
"0","0","130.2521008403","0","0","19.0445460848","0","0","19.0445460848","130.2521008403","19.0445460848","130.2521008403","155","130.2521008403","0","0","130.2521008403","1","19.0445460848","0.22","0.0394998397","22.663009841","0.00640897","0.19","0.0321668527","0.6382353702","29.4008","","","0","","1","","1","CHEEZY","FALAIT","SPREAD PORTIONS","220","CHEEZY PORTIONS","198","1","true","1","0","0","130.2521008403","0","0","19.0445460848","0","0","19.0445460848","130.2521008403","19.0445460848","130.2521008403","155","130.2521008403","0","0","130.2521008403","1","19.0445460848","0.22","0.0394998397","22.663009841","0.00640897","0.19","0.0321668527","0.6382353702","29.4008","0.0394998397","0.6382353702","4","","22.663009841","1","1","CHEEZY EDAM 16P 220G","1","","","","","","","","","",""
"0","0","130.2521008403","0","0","9.8891112265","0","0","9.8891112265","130.2521008403","9.8891112265","130.2521008403","155","130.2521008403","0","0","130.2521008403","1","9.8891112265","0.22","0.0249662512","11.7680423595","0.0033279353","0.19","0.0167030279","0.3314114464","10.6428","","","0","","1","","1","CHEEZY","FALAIT","SPREAD PORTIONS","220","CHEEZY PORTIONS","199","1","true","1","0","0","130.2521008403","0","0","9.8891112265","0","0","9.8891112265","130.2521008403","9.8891112265","130.2521008403","155","130.2521008403","0","0","130.2521008403","1","9.8891112265","0.22","0.0249662512","11.7680423595","0.0033279353","0.19","0.0167030279","0.3314114464","10.6428","0.0249662512","0.3314114464","4","","11.7680423595","1","1","CHEEZY CHED 16P 220G","1","","","","","","","","","",""
"0","0","159.6638655462","0","0","116.5314194237","0","0","116.5314194237","159.6638655462","116.5314194237","159.6638655462","190","159.6638655462","0","0","159.6638655462","1","116.5314194237","0.33","0.020221459","138.6723891142","0.0392157613","0.19","0.2408520443","4.778841597","64.6668","","","0","","1","","1","CHEEZY","FALAIT","SPREAD PORTIONS","330","CHEEZY PORTIONS","200","1","true","1","0","0","159.6638655462","0","0","116.5314194237","0","0","116.5314194237","159.6638655462","116.5314194237","159.6638655462","190","159.6638655462","0","0","159.6638655462","1","116.5314194237","0.33","0.020221459","138.6723891142","0.0392157613","0.19","0.2408520443","4.778841597","64.6668","0.020221459","4.778841597","4","","138.6723891142","1","1","CHEEZY  24P 330G","1","","","","","","","","","",""
"0","0","331.9327731092","0","0","7.7124364752","0","0","7.7124364752","331.9327731092","7.7124364752","331.9327731092","395","331.9327731092","0","0","331.9327731092","1","7.7124364752","0.9","0.0166714708","9.1777994055","0.0025954294","0.19","0.0209114417","0.4149122657","16.9965","","","0","","1","","1","CHEEZY","FALAIT","SPREAD BARRES","900","CHEEZY PORTIONS","201","1","true","1","0","0","331.9327731092","0","0","7.7124364752","0","0","7.7124364752","331.9327731092","7.7124364752","331.9327731092","395","331.9327731092","0","0","331.9327731092","1","7.7124364752","0.9","0.0166714708","9.1777994055","0.0025954294","0.19","0.0209114417","0.4149122657","16.9965","0.0166714708","0.4149122657","4","","9.1777994055","1","1","CHEEZY  900G","1","","","","","","","","","",""
"0","0","147.0588235294","0","0","28.9419640555","0","0","28.9419640555","147.0588235294","28.9419640555","147.0588235294","175","147.0588235294","0","0","147.0588235294","1","28.9419640555","0.32","0.0315931503","34.440937226","0.0097397007","0.19","0.0629777138","1.2495659701","25.6297","","","0","","1","","1","CHEEZY","FALAIT","SPREAD BARRES","320","CHEEZY BARRES","202","1","true","1","0","0","147.0588235294","0","0","28.9419640555","0","0","28.9419640555","147.0588235294","28.9419640555","147.0588235294","175","147.0588235294","0","0","147.0588235294","1","28.9419640555","0.32","0.0315931503","34.440937226","0.0097397007","0.19","0.0629777138","1.2495659701","25.6297","0.0315931503","1.2495659701","4","","34.440937226","1","1","CHEEZY 320G","1","","","","","","","","","",""
"0","0","189.0756302521","0","0","11.0065220989","0","0","11.0065220989","189.0756302521","11.0065220989","189.0756302521","225","189.0756302521","0","0","189.0756302521","1","11.0065220989","0.48","0.0918354373","13.0977612977","0.0037039722","0.19","0.0279418908","0.5544062137","16.8459","","","0","","1","","1","CHEEZY","FALAIT","SPREAD BARRES","480","CHEEZY BARRES","203","1","true","1","0","0","189.0756302521","0","0","11.0065220989","0","0","11.0065220989","189.0756302521","11.0065220989","189.0756302521","225","189.0756302521","0","0","189.0756302521","1","11.0065220989","0.48","0.0918354373","13.0977612977","0.0037039722","0.19","0.0279418908","0.5544062137","16.8459","0.0918354373","0.5544062137","4","","13.0977612977","1","1","CHEEZY 480G","1","","","","","","","","","",""
"0","0","117.6470588235","0","0","37.1376215077","0","0","37.1376215077","117.6470588235","37.1376215077","117.6470588235","140","117.6470588235","0","0","117.6470588235","1","37.1376215077","0.24","0.0225096058","44.1937695942","0.0124977462","0.19","0.0757607479","1.5031992545","21.0138","","","0","","1","","1","EL MOUTAMAYEZ","FADIPLAIT","SPREAD PORTIONS","240","EL MOUTAMAYEZ","204","1","true","1","0","0","117.6470588235","0","0","37.1376215077","0","0","37.1376215077","117.6470588235","37.1376215077","117.6470588235","140","117.6470588235","0","0","117.6470588235","1","37.1376215077","0.24","0.0225096058","44.1937695942","0.0124977462","0.19","0.0757607479","1.5031992545","21.0138","0.0225096058","1.5031992545","4","","44.1937695942","1","1","EL MOUTAMAYEZ 16P 240G","1","","","","","","","","","",""
"0","0","159.6638655462","0","0","38.1556877525","0","0","38.1556877525","159.6638655462","38.1556877525","159.6638655462","190","159.6638655462","0","0","159.6638655462","1","38.1556877525","0.36","0.0093605317","45.4052684255","0.0128403511","0.19","0.0860310349","1.7069761212","15.7693","","","0","","1","","1","EL MOUTAMAYEZ","FADIPLAIT","SPREAD PORTIONS","360","EL MOUTAMAYEZ","205","1","true","1","0","0","159.6638655462","0","0","38.1556877525","0","0","38.1556877525","159.6638655462","38.1556877525","159.6638655462","190","159.6638655462","0","0","159.6638655462","1","38.1556877525","0.36","0.0093605317","45.4052684255","0.0128403511","0.19","0.0860310349","1.7069761212","15.7693","0.0093605317","1.7069761212","4","","45.4052684255","1","1","EL MOUTAMAYEZ  24P 360G","1","","","","","","","","","",""
"0","0","63.025210084","0","0","8.5467806665","0","0","8.5467806665","63.025210084","8.5467806665","63.025210084","75","63.025210084","0","0","63.025210084","1","8.5467806665","0.12","0.0141812213","10.1706689931","0.0028762072","0.19","0.0162730704","0.3228804884","11.5124","","","0","","1","","1","EL MOUTAMAYEZ","FADIPLAIT","SPREAD PORTIONS","120","EL MOUTAMAYEZ","206","1","true","1","0","0","63.025210084","0","0","8.5467806665","0","0","8.5467806665","63.025210084","8.5467806665","63.025210084","75","63.025210084","0","0","63.025210084","1","8.5467806665","0.12","0.0141812213","10.1706689931","0.0028762072","0.19","0.0162730704","0.3228804884","11.5124","0.0141812213","0.3228804884","4","","10.1706689931","1","1","EL MOUTAMAYEZ  8P 120G","1","","","","","","","","","",""
"23.2489351936","87.0999444754","109.243697479","0","0","22.0342443427","0.035","0.771198552","22.0342443427","82.5492196879","21.2630457907","79.6599969988","130","82.5492196879","0.2443571429","7.1253568292","-7.4399474766","-0.0933962812","-1.9858894029","0.22","0.0003829442","34.6999253946","0.0098129411","0.19","0.0587229507","1.1651455159","31.5458","1","true","0","","1","1","1","LA NOUVELLE VACHE","GROUPE BEL","SPREAD PORTIONS","220","LA NOUVELLE VACHE","207","1","true","1","23.2489351936","87.0999444754","109.243697479","0","0","22.0342443427","0.035","0.771198552","22.0342443427","82.5492196879","21.2630457907","79.6599969988","130","82.5492196879","0.2443571429","7.1253568292","-7.4399474766","-0.0933962812","-1.9858894029","0.22","0.0003829442","34.6999253946","0.0098129411","0.19","0.0587229507","1.1651455159","31.5458","0.0003829442","1.1651455159","4","1","34.6999253946","1","1","LA NOUVELLE VACHE 16P 220G","1","","","","","","","","","",""
"11.5051727927","130.6181042012","159.6638655462","0","0","11.0272663084","0.035","0.3859543208","11.0272663084","125.1924369748","10.6413119876","120.8107016807","190","125.1924369748","0.2159","3.036330565","-9.8074025205","-0.0811799152","-0.863860805","0.33","0.0004639513","16.7356802794","0.004732755","0.19","0.0290672342","0.5767346015","20.0846","1","true","0","","1","1","1","LA NOUVELLE VACHE","GROUPE BEL","SPREAD PORTIONS","330","LA NOUVELLE VACHE","208","1","true","1","11.5051727927","130.6181042012","159.6638655462","0","0","11.0272663084","0.035","0.3859543208","11.0272663084","125.1924369748","10.6413119876","120.8107016807","190","125.1924369748","0.2159","3.036330565","-9.8074025205","-0.0811799152","-0.863860805","0.33","0.0004639513","16.7356802794","0.004732755","0.19","0.0290672342","0.5767346015","20.0846","0.0004639513","0.5767346015","4","1","16.7356802794","1","1","LA NOUVELLE VACHE 24P 330G","1","","","","","","","","","",""
"3.0964245692","47.3043624277","58.8235294118","0","0","2.9614698675","0.035","0.1036514454","2.9614698675","45.2426470588","2.8578184221","43.6591544118","70","45.2426470588","0.230875","0.8889703958","-3.6452080159","-0.0834924099","-0.2386061471","0.11","0.000428186","4.5820239133","0.0012957702","0.19","0.0072003233","0.14286449","10","1","true","0","","1","1","1","LA NOUVELLE VACHE","GROUPE BEL","SPREAD PORTIONS","110","LA NOUVELLE VACHE","209","1","true","1","3.0964245692","47.3043624277","58.8235294118","0","0","2.9614698675","0.035","0.1036514454","2.9614698675","45.2426470588","2.8578184221","43.6591544118","70","45.2426470588","0.230875","0.8889703958","-3.6452080159","-0.0834924099","-0.2386061471","0.11","0.000428186","4.5820239133","0.0012957702","0.19","0.0072003233","0.14286449","10","0.000428186","0.14286449","4","1","4.5820239133","1","1","LA NOUVELLE VACHE 8P 110G","1","","","","","","","","","",""
"0","0","79.8319327731","0","0","12.963788993","0","0","12.963788993","79.8319327731","12.963788993","79.8319327731","95","79.8319327731","0","0","79.8319327731","1","12.963788993","0.12","0.0114709489","15.4269089017","0.0043626419","0.19","0.0194866218","0.3866418448","26.3316","","","0","","1","","1","LE BERBERE","PROMASIDOR","SPREAD PORTIONS","120","LE BERBERE PORTIONS","210","1","true","1","0","0","79.8319327731","0","0","12.963788993","0","0","12.963788993","79.8319327731","12.963788993","79.8319327731","95","79.8319327731","0","0","79.8319327731","1","12.963788993","0.12","0.0114709489","15.4269089017","0.0043626419","0.19","0.0194866218","0.3866418448","26.3316","0.0114709489","0.3866418448","4","","15.4269089017","1","1","LE BERBERE ORG  8P 120G","1","","","","","","","","","",""
"0","0","147.0588235294","0","0","34.2177919195","0","0","34.2177919195","147.0588235294","34.2177919195","147.0588235294","175","147.0588235294","0","0","147.0588235294","1","34.2177919195","0.24","0.0291750088","40.7191723842","0.0115151499","0.19","0.0558434364","1.1080119236","47.25","","","0","","1","","1","LE BERBERE","PROMASIDOR","SPREAD PORTIONS","240","LE BERBERE PORTIONS","211","1","true","1","0","0","147.0588235294","0","0","34.2177919195","0","0","34.2177919195","147.0588235294","34.2177919195","147.0588235294","175","147.0588235294","0","0","147.0588235294","1","34.2177919195","0.24","0.0291750088","40.7191723842","0.0115151499","0.19","0.0558434364","1.1080119236","47.25","0.0291750088","1.1080119236","4","","40.7191723842","1","1","LE BERBERE ORG 16P 240G","1","","","","","","","","","",""
"0","0","201.6806722689","0","0","19.8735019502","0","0","19.8735019502","201.6806722689","19.8735019502","201.6806722689","240","201.6806722689","0","0","201.6806722689","1","19.8735019502","0.36","0.0241999641","23.6494673208","0.0066879346","0.19","0.035474201","0.7038577887","39.635","","","0","","1","","1","LE BERBERE","PROMASIDOR","SPREAD PORTIONS","360","LE BERBERE PORTIONS","212","1","true","1","0","0","201.6806722689","0","0","19.8735019502","0","0","19.8735019502","201.6806722689","19.8735019502","201.6806722689","240","201.6806722689","0","0","201.6806722689","1","19.8735019502","0.36","0.0241999641","23.6494673208","0.0066879346","0.19","0.035474201","0.7038577887","39.635","0.0241999641","0.7038577887","4","","23.6494673208","1","1","LE BERBERE ORG 24P 360G","1","","","","","","","","","",""
"0","0","92.4369747899","0","0","36.8267935905","0","0","36.8267935905","92.4369747899","36.8267935905","92.4369747899","110","92.4369747899","0","0","92.4369747899","1","36.8267935905","0.15","0.0427046763","43.8238843727","0.0123931447","0.19","0.0597598423","1.1857188974","46.6345","","","0","","1","","1","LE BERBERE","PROMASIDOR","SPREAD BARRES","150","LE BERBERE BARRES","213","1","true","1","0","0","92.4369747899","0","0","36.8267935905","0","0","36.8267935905","92.4369747899","36.8267935905","92.4369747899","110","92.4369747899","0","0","92.4369747899","1","36.8267935905","0.15","0.0427046763","43.8238843727","0.0123931447","0.19","0.0597598423","1.1857188974","46.6345","0.0427046763","1.1857188974","4","","43.8238843727","1","1","LE BERBERE MON FRMG Nat 150G","1","","","","","","","","","",""
"0","0","168.0672268908","0","0","38.220178858","0","0","38.220178858","168.0672268908","38.220178858","168.0672268908","200","168.0672268908","0","0","168.0672268908","1","38.220178858","0.3","0.0344067779","45.482012841","0.012862054","0.19","0.0682230193","1.3536401708","60.3406","","","0","","1","","1","LE BERBERE","PROMASIDOR","SPREAD BARRES","300","LE BERBERE BARRES","214","1","true","1","0","0","168.0672268908","0","0","38.220178858","0","0","38.220178858","168.0672268908","38.220178858","168.0672268908","200","168.0672268908","0","0","168.0672268908","1","38.220178858","0.3","0.0344067779","45.482012841","0.012862054","0.19","0.0682230193","1.3536401708","60.3406","0.0344067779","1.3536401708","4","","45.482012841","1","1","LE BERBERE  300G","1","","","","","","","","","",""
"0","0","315.1260504202","0","0","31.3614749263","0","0","31.3614749263","315.1260504202","31.3614749263","315.1260504202","375","315.1260504202","0","0","315.1260504202","1","31.3614749263","0.6","0.0572340062","37.3201551623","0.0105539272","0.19","0.0597122483","1.1847745645","49.197","","","0","","1","","1","LE BERBERE","PROMASIDOR","SPREAD BARRES","600","LE BERBERE BARRES","215","1","true","1","0","0","315.1260504202","0","0","31.3614749263","0","0","31.3614749263","315.1260504202","31.3614749263","315.1260504202","375","315.1260504202","0","0","315.1260504202","1","31.3614749263","0.6","0.0572340062","37.3201551623","0.0105539272","0.19","0.0597122483","1.1847745645","49.197","0.0572340062","1.1847745645","4","","37.3201551623","1","1","LE BERBERE  600G","1","","","","","","","","","",""
"0","0","705.8823529412","0","0","14.9159087082","0","0","14.9159087082","705.8823529412","14.9159087082","705.8823529412","840","705.8823529412","0","0","705.8823529412","1","14.9159087082","1.8","0.1401526852","17.7499313628","0.0050195794","0.19","0.0380355672","0.7546788789","28.2363","","","0","","1","","1","LE BERBERE","PROMASIDOR","SPREAD BARRES","1800","LE BERBERE BARRES","216","1","true","1","0","0","705.8823529412","0","0","14.9159087082","0","0","14.9159087082","705.8823529412","14.9159087082","705.8823529412","840","705.8823529412","0","0","705.8823529412","1","14.9159087082","1.8","0.1401526852","17.7499313628","0.0050195794","0.19","0.0380355672","0.7546788789","28.2363","0.1401526852","0.7546788789","4","","17.7499313628","1","1","LE BERBERE  1.8KG","1","","","","","","","","","",""
"0","0","151.2605042017","0","0","16.6721061815","0","0","16.6721061815","151.2605042017","16.6721061815","151.2605042017","180","151.2605042017","0","0","151.2605042017","1","16.6721061815","0.24","0.0044256229","19.839806356","0.0056105842","0.19","0.0264530751","0.5248660282","12.5721","","","0","","1","","1","okids","gig","SPREAD PORTIONS","240","OKIDS PORTIONS","217","1","true","1","0","0","151.2605042017","0","0","16.6721061815","0","0","16.6721061815","151.2605042017","16.6721061815","151.2605042017","180","151.2605042017","0","0","151.2605042017","1","16.6721061815","0.24","0.0044256229","19.839806356","0.0056105842","0.19","0.0264530751","0.5248660282","12.5721","0.0044256229","0.5248660282","4","","19.839806356","1","1","OKIDS  16P 240G","1","","","","","","","","","",""
"0","0","252.1008403361","0","0","7.1324954404","0","0","7.1324954404","252.1008403361","7.1324954404","252.1008403361","300","252.1008403361","0","0","252.1008403361","1","7.1324954404","0.6","0.0138976981","8.4876695741","0.0024002646","0.19","0.0169753391","0.3368144833","10.1551","","","0","","1","","1","okids","gig","SPREAD BARRES","600","OKIDS BARRES","218","1","true","1","0","0","252.1008403361","0","0","7.1324954404","0","0","7.1324954404","252.1008403361","7.1324954404","252.1008403361","300","252.1008403361","0","0","252.1008403361","1","7.1324954404","0.6","0.0138976981","8.4876695741","0.0024002646","0.19","0.0169753391","0.3368144833","10.1551","0.0138976981","0.3368144833","4","","8.4876695741","1","1","OKIDS  600G","1","","","","","","","","","",""
"2.451991238","48.8624996198","84.0336134454","0","0","3.2625712609","0.035","0.1141899941","3.2625712609","65.0154798762","3.1483812667","62.7399380805","100","65.0154798762","0.2263157895","0.9543575797","13.8774384607","0.2211898654","0.6963900287","0.11","0.0012491961","5.0181453203","0.0014191029","0.19","0.0055199599","0.1095237279","15.6473","1","true","0","","1","1","1","PICON","GROUPE BEL","SPREAD PORTIONS","110","PICON","219","1","true","1","2.451991238","48.8624996198","84.0336134454","0","0","3.2625712609","0.035","0.1141899941","3.2625712609","65.0154798762","3.1483812667","62.7399380805","100","65.0154798762","0.2263157895","0.9543575797","13.8774384607","0.2211898654","0.6963900287","0.11","0.0012491961","5.0181453203","0.0014191029","0.19","0.0055199599","0.1095237279","15.6473","0.0012491961","0.1095237279","4","1","5.0181453203","1","1","PICON  8P 110G","1","","","","","","","","","",""
"9.6610785717","90.2185163074","130.2521008403","0","0","11.175517847","0.035","0.3911431246","11.175517847","104.3608776844","10.7843747224","100.7082469655","155","104.3608776844","0.1987777778","2.7725698833","10.489730658","0.1041595994","1.1232961506","0.22","0.01403246","16.598224399","0.0046938833","0.19","0.0235587701","0.4674389663","30.2356","1","true","0","","1","1","1","PICON","GROUPE BEL","SPREAD PORTIONS","220","PICON","220","1","true","1","9.6610785717","90.2185163074","130.2521008403","0","0","11.175517847","0.035","0.3911431246","11.175517847","104.3608776844","10.7843747224","100.7082469655","155","104.3608776844","0.1987777778","2.7725698833","10.489730658","0.1041595994","1.1232961506","0.22","0.01403246","16.598224399","0.0046938833","0.19","0.0235587701","0.4674389663","30.2356","0.01403246","0.4674389663","4","1","16.598224399","1","1","PICON 16P 200G","1","","","","","","","","","",""
"7.5795154205","135.540428072","189.0756302521","0","0","8.5732720611","0.035","0.3000645221","8.5732720611","153.311247576","8.2732075389","147.9453539108","225","153.311247576","0.1891538462","1.9999692627","12.4049258388","0.0838480257","0.6936921185","0.33","0.0053120634","12.5821571753","0.0035581623","0.19","0.0184538305","0.3661498212","29.7631","1","true","0","","1","1","1","PICON","GROUPE BEL","SPREAD PORTIONS","330","PICON","221","1","true","1","7.5795154205","135.540428072","189.0756302521","0","0","8.5732720611","0.035","0.3000645221","8.5732720611","153.311247576","8.2732075389","147.9453539108","225","153.311247576","0.1891538462","1.9999692627","12.4049258388","0.0838480257","0.6936921185","0.33","0.0053120634","12.5821571753","0.0035581623","0.19","0.0184538305","0.3661498212","29.7631","0.0053120634","0.3661498212","4","1","12.5821571753","1","1","PICON 24P 330G","1","","","","","","","","","",""
"4.4876401652","176.6630876257","231.0924369748","0","0","4.7711049358","0.035","0.1669886728","4.7711049358","187.8221288515","4.6041162631","181.2483543417","275","187.8221288515","0.1872424242","1.0991632452","4.5852667161","0.025298253","0.1164760979","0.44","0.0008812005","6.9856191354","0.0019754933","0.19","0.0111769906","0.2217671345","10","1","true","0","","1","1","1","PICON","GROUPE BEL","SPREAD PORTIONS","440","PICON","222","1","true","1","4.4876401652","176.6630876257","231.0924369748","0","0","4.7711049358","0.035","0.1669886728","4.7711049358","187.8221288515","4.6041162631","181.2483543417","275","187.8221288515","0.1872424242","1.0991632452","4.5852667161","0.025298253","0.1164760979","0.44","0.0008812005","6.9856191354","0.0019754933","0.19","0.0111769906","0.2217671345","10","0.0008812005","0.2217671345","4","1","6.9856191354","1","1","PICON 32P 440G","1","","","","","","","","","",""
"0","0","159.6638655462","0","0","11.4186361072","0","0","11.4186361072","159.6638655462","11.4186361072","159.6638655462","190","159.6638655462","0","0","159.6638655462","1","11.4186361072","0.32","0.0018431683","13.5881769676","0.003842659","0.19","0.0228853507","0.4540773824","19.5957","","","0","","1","","1","TARTINO","FALAIT","SPREAD PORTIONS","320","TARTINO PORTION","223","1","true","1","0","0","159.6638655462","0","0","11.4186361072","0","0","11.4186361072","159.6638655462","11.4186361072","159.6638655462","190","159.6638655462","0","0","159.6638655462","1","11.4186361072","0.32","0.0018431683","13.5881769676","0.003842659","0.19","0.0228853507","0.4540773824","19.5957","0.0018431683","0.4540773824","4","","13.5881769676","1","1","TARTINO 320G","1","","","","","","","","","",""
"0","0","172.268907563","0","0","7.4359999116","0","0","7.4359999116","172.268907563","7.4359999116","172.268907563","205","172.268907563","0","0","172.268907563","1","7.4359999116","0.32","0.0026607505","8.8488398948","0.0025024015","0.19","0.0138128233","0.2740657424","23.6453","","","0","","1","","1","TARTINO","FALAIT","SPREAD PORTIONS","320","TARTINO PORTION","224","1","true","1","0","0","172.268907563","0","0","7.4359999116","0","0","7.4359999116","172.268907563","7.4359999116","172.268907563","205","172.268907563","0","0","172.268907563","1","7.4359999116","0.32","0.0026607505","8.8488398948","0.0025024015","0.19","0.0138128233","0.2740657424","23.6453","0.0026607505","0.2740657424","4","","8.8488398948","1","1","TARTINO GOUDA 320G","1","","","","","","","","","",""
"0","0","168.0672268908","0","0","6.3439783565","0","0","6.3439783565","168.0672268908","6.3439783565","168.0672268908","200","168.0672268908","0","0","168.0672268908","1","6.3439783565","0.32","0.0042212538","7.5493342443","0.0021349087","0.19","0.0120789348","0.239662969","19.2801","","","0","","1","","1","TARTINO","FALAIT","SPREAD BARRES","320","TARTINO BARRES","225","1","true","1","0","0","168.0672268908","0","0","6.3439783565","0","0","6.3439783565","168.0672268908","6.3439783565","168.0672268908","200","168.0672268908","0","0","168.0672268908","1","6.3439783565","0.32","0.0042212538","7.5493342443","0.0021349087","0.19","0.0120789348","0.239662969","19.2801","0.0042212538","0.239662969","4","","7.5493342443","1","1","TARTINO FRMG Rouge 320G","1","","","","","","","","","",""
"0","0","134.4537815126","0","0","110.7488452054","0","0","110.7488452054","134.4537815126","110.7488452054","134.4537815126","160","134.4537815126","0","0","134.4537815126","1","110.7488452054","0.22","0.012293643","131.7911257944","0.0372697792","0.19","0.181212798","3.5955154939","57.5275","","","0","","1","","1","TARTINO","FALAIT","SPREAD SLICES","220","TARTINO SLICES","226","1","true","1","0","0","134.4537815126","0","0","110.7488452054","0","0","110.7488452054","134.4537815126","110.7488452054","134.4537815126","160","134.4537815126","0","0","134.4537815126","1","110.7488452054","0.22","0.012293643","131.7911257944","0.0372697792","0.19","0.181212798","3.5955154939","57.5275","0.012293643","3.5955154939","4","","131.7911257944","1","1","TARTINO JUNIOR 16P 220G","1","","","","","","","","","",""
"0","0","197.4789915966","0","0","26.3137396352","0","0","26.3137396352","197.4789915966","26.3137396352","197.4789915966","235","197.4789915966","0","0","197.4789915966","1","26.3137396352","0.33","0.0097313992","31.3133501659","0.008855237","0.19","0.0439719385","0.8724647931","38.9588","","","0","","1","","1","TARTINO","FALAIT","SPREAD SLICES","330","TARTINO SLICES","227","1","true","1","0","0","197.4789915966","0","0","26.3137396352","0","0","26.3137396352","197.4789915966","26.3137396352","197.4789915966","235","197.4789915966","0","0","197.4789915966","1","26.3137396352","0.33","0.0097313992","31.3133501659","0.008855237","0.19","0.0439719385","0.8724647931","38.9588","0.0097313992","0.8724647931","4","","31.3133501659","1","1","TARTINO JUNIOR 24P 330G","1","","","","","","","","","",""
"0","0","163.8655462185","0","0","70.6333444698","0","0","70.6333444698","163.8655462185","70.6333444698","163.8655462185","195","163.8655462185","0","0","163.8655462185","1","70.6333444698","0.24","0.0025065649","84.0536799191","0.0237699016","0.19","0.103450683","2.0526063152","44.2036","","","0","","1","","1","TARTINO","FALAIT","SPREAD BARRES","240","TARTINO BARRES","228","1","true","1","0","0","163.8655462185","0","0","70.6333444698","0","0","70.6333444698","163.8655462185","70.6333444698","163.8655462185","195","163.8655462185","0","0","163.8655462185","1","70.6333444698","0.24","0.0025065649","84.0536799191","0.0237699016","0.19","0.103450683","2.0526063152","44.2036","0.0025065649","2.0526063152","4","","84.0536799191","1","1","TARTINO EXC. CHED 16P 240G","1","","","","","","","","","",""
"0","0","226.8907563025","0","0","6.8584372982","0","0","6.8584372982","226.8907563025","6.8584372982","226.8907563025","270","226.8907563025","0","0","226.8907563025","1","6.8584372982","0.36","0.0013663116","8.1615403849","0.0023080371","0.19","0.0108820538","0.2159151762","25.1826","","","0","","1","","1","TARTINO","FALAIT","SPREAD BARRES","360","TARTINO BARRES","229","1","true","1","0","0","226.8907563025","0","0","6.8584372982","0","0","6.8584372982","226.8907563025","6.8584372982","226.8907563025","270","226.8907563025","0","0","226.8907563025","1","6.8584372982","0.36","0.0013663116","8.1615403849","0.0023080371","0.19","0.0108820538","0.2159151762","25.1826","0.0013663116","0.2159151762","4","","8.1615403849","1","1","TARTINO EXC. CHED 24P 360G","1","","","","","","","","","",""
"0","0","117.6470588235","0","0","14.4267690033","0","0","14.4267690033","117.6470588235","14.4267690033","117.6470588235","140","117.6470588235","0","0","117.6470588235","1","14.4267690033","0.27","0.0004739244","17.1678551139","0.0048549716","0.19","0.0331094349","0.6569375197","18.0875","","","0","","1","","1","WALID","ENTREPRISE BICHARI","SPREAD BARRES","270","WALID","230","1","true","1","0","0","117.6470588235","0","0","14.4267690033","0","0","14.4267690033","117.6470588235","14.4267690033","117.6470588235","140","117.6470588235","0","0","117.6470588235","1","14.4267690033","0.27","0.0004739244","17.1678551139","0.0048549716","0.19","0.0331094349","0.6569375197","18.0875","0.0004739244","0.6569375197","4","","17.1678551139","1","1","WALID 270G","1","","","","","","","","","",""
"9.3988725481","94.1681282869","126.0504201681","0","0","10.6583506735","0.0837858063","0.8930185054","10.6583506735","106.7869500741","9.7653321681","97.8397193556","150","106.7869500741","0.1528235294","1.9226770622","3.6715910687","0.0375265904","0.36645962","0.096","0.0043109094","14.9714230055","0.0042338331","0.19","0.0095817107","0.190114549","21.873","1","true","0","","1","1","1","KIRI","GROUPE BEL","SPREAD AUTRE","96","KIRI CRÈME","232","1","true","1","9.3988725481","94.1681282869","126.0504201681","0","0","10.6583506735","0.0837858063","0.8930185054","10.6583506735","106.7869500741","9.7653321681","97.8397193556","150","106.7869500741","0.1528235294","1.9226770622","3.6715910687","0.0375265904","0.36645962","0.096","0.0043109094","14.9714230055","0.0042338331","0.19","0.0095817107","0.190114549","21.873","0.0043109094","0.190114549","4","1","14.9714230055","1","1","KIRI CREME 6P 96G","1","","","","","","","","","",""
"6.0689463676","182.4438016344","243.6974789916","0","0","6.8731127964","0.0837858063","0.5758692977","6.8731127964","206.6185383244","6.2972434987","189.3068374861","290","206.6185383244","0.1521515152","1.2334214715","6.8630358517","0.0362535022","0.2282971311","0.192","0.0283208639","9.6467757788","0.0027280532","0.19","0.0063868309","0.1267236618","17.5697","1","true","0","","1","1","1","KIRI","GROUPE BEL","SPREAD PORTIONS","192","KIRI CRÈME","233","1","true","1","6.0689463676","182.4438016344","243.6974789916","0","0","6.8731127964","0.0837858063","0.5758692977","6.8731127964","206.6185383244","6.2972434987","189.3068374861","290","206.6185383244","0.1521515152","1.2334214715","6.8630358517","0.0362535022","0.2282971311","0.192","0.0283208639","9.6467757788","0.0027280532","0.19","0.0063868309","0.1267236618","17.5697","0.0283208639","0.1267236618","4","1","9.6467757788","1","1","KIRI CREME 12P 192G","1","","","","","","","","","",""
"2.7801231715","233.1568858437","361.3445378151","0","0","3.6375448346","0.0654945462","0.2382393481","3.6375448346","305.0651260504","3.3993054864","285.0850240654","430","305.0651260504","0.15575","0.6710661628","51.9281382217","0.182149653","0.6191823149","0.35","0.0007966958","5.1272470869","0.0014499563","0.19","0.0041733407","0.0828049186","36.2786","1","true","0","","1","1","1","KIRI","GROUPE BEL","SPREAD PORTIONS","350","KIRI DELICE ","234","1","true","1","2.7801231715","233.1568858437","361.3445378151","0","0","3.6375448346","0.0654945462","0.2382393481","3.6375448346","305.0651260504","3.3993054864","285.0850240654","430","305.0651260504","0.15575","0.6710661628","51.9281382217","0.182149653","0.6191823149","0.35","0.0007966958","5.1272470869","0.0014499563","0.19","0.0041733407","0.0828049186","36.2786","0.0007966958","0.0828049186","4","1","5.1272470869","1","1","KIRI DELICE 350G","1","","","","","","","","","",""
"11.8215161777","155.9126712212","222.6890756303","0","0","14.3410400702","0.0654945462","0.9392599111","14.3410400702","189.1423935674","13.4017801591","176.7545983379","265","189.1423935674","0.1506435912","2.5435562203","20.8419271167","0.1179144832","1.5802639815","0.19","0.0012703958","20.0926695858","0.0056820924","0.19","0.014406065","0.2858364886","61.5365","1","true","0","","1","1","1","KIRI","GROUPE BEL","SPREAD PORTIONS","190","KIRI DELICE ","235","1","true","1","11.8215161777","155.9126712212","222.6890756303","0","0","14.3410400702","0.0654945462","0.9392599111","14.3410400702","189.1423935674","13.4017801591","176.7545983379","265","189.1423935674","0.1506435912","2.5435562203","20.8419271167","0.1179144832","1.5802639815","0.19","0.0012703958","20.0926695858","0.0056820924","0.19","0.014406065","0.2858364886","61.5365","0.0012703958","0.2858364886","4","1","20.0926695858","1","1","KIRI DELICE 190G","1","","","","","","","","","",""
"0","0","109.243697479","0","0","17.2164718844","0","0","17.2164718844","109.243697479","17.2164718844","109.243697479","130","109.243697479","0","0","109.243697479","1","17.2164718844","0.22","0.0005379309","20.4876015425","0.0057937769","0.19","0.0346713257","0.6879276194","18.3744","","","0","","1","","1","dialna","SOUMMAM","SPREAD PORTIONS","220","DIALNA","242","1","true","1","0","0","109.243697479","0","0","17.2164718844","0","0","17.2164718844","109.243697479","17.2164718844","109.243697479","130","109.243697479","0","0","109.243697479","1","17.2164718844","0.22","0.0005379309","20.4876015425","0.0057937769","0.19","0.0346713257","0.6879276194","18.3744","0.0005379309","0.6879276194","4","","20.4876015425","1","1","DIALNA 16P 220G","1","","","","","","","","","",""
"0","0","96.6386554622","0","0","25.7430550689","0","0","25.7430550689","96.6386554622","25.7430550689","96.6386554622","115","96.6386554622","0","0","96.6386554622","1","25.7430550689","0.22","0.0007099009","30.6342355319","0.0086631872","0.19","0.0586046245","1.1627977591","19.1989","","","0","","1","","1","TOP SOUMA","SOUMMAM","SPREAD PORTIONS","220","TOP SOUMA","243","1","true","1","0","0","96.6386554622","0","0","25.7430550689","0","0","25.7430550689","96.6386554622","25.7430550689","96.6386554622","115","96.6386554622","0","0","96.6386554622","1","25.7430550689","0.22","0.0007099009","30.6342355319","0.0086631872","0.19","0.0586046245","1.1627977591","19.1989","0.0007099009","1.1627977591","4","","30.6342355319","1","1","TOP SOUMA16P 220G","1","","","","","","","","","",""
"0","360.3451880555","0","0","0","0","0.0500447941","0","0","0","0","0","600","0","0.1325","0","0","0","0","0.96","0","","","0.19","0","0","22","0","true","","0","0","0","0","LA VACHE QUI RIT","GROUPE BEL","SPREAD BARRES","960","LVQR CHEF","168","","","0","0","360.3451880555","0","0","0","0","0.0500447941","0","0","0","0","0","600","0","0.1325","0","0","0","0","0.96","0","","","0.19","0","0","22","0","0","4","0","0","0","0","LVQR CHEF 960G","0","","","","","","","","","",""
"0","121.0086023398","0","0","0","0","0.0500447941","0","0","0","0","0","250","0","0.1588","0","0","0","0","0.3","0","","","0.19","0","0","22","0","true","","0","0","0","0","LA VACHE QUI RIT","GROUPE BEL","SPREAD BARRES","300","LVQR CHEF","171","","","0","0","121.0086023398","0","0","0","0","0.0500447941","0","0","0","0","0","250","0","0.1588","0","0","0","0","0.3","0","","","0.19","0","0","22","0","0","4","0","0","0","0","LVQR CHEF MOZZARELLA 300G","0","","","","","","","","","",""
"0","121.0086023398","0","0","0","0","0.0500447941","0","0","0","0","0","250","0","0.1588","0","0","0","0","0.3","0","","","0.19","0","0","22","0","true","","0","0","0","0","LA VACHE QUI RIT","GROUPE BEL","SPREAD BARRES","300","LVQR CHEF","172","","","0","0","121.0086023398","0","0","0","0","0.0500447941","0","0","0","0","0","250","0","0.1588","0","0","0","0","0.3","0","","","0.19","0","0","22","0","0","4","0","0","0","0","LVQR CHEF NOIRES OLIVES 300G","0","","","","","","","","","",""
"0","121.0086023398","0","0","0","0","0.0500447941","0","0","0","0","0","250","0","0.1588","0","0","0","0","0.3","0","","","0.19","0","0","22","0","true","","0","0","0","0","LA VACHE QUI RIT","GROUPE BEL","SPREAD BARRES","300","LVQR CHEF","173","","","0","0","121.0086023398","0","0","0","0","0.0500447941","0","0","0","0","0","250","0","0.1588","0","0","0","0","0.3","0","","","0.19","0","0","22","0","0","4","0","0","0","0","LVQR CHEF CAMEMBERT300G","0","","","","","","","","","",""
"0","181.5129035098","0","0","0","0","0.0500447941","0","0","0","0","0","280","0","0.1588","0","0","0","0","0.45","0","","","0.19","0","0","22","0","true","","0","0","0","0","LA VACHE QUI RIT","GROUPE BEL","Sauces fromagéres","450","LVQR SAUCE","178","","","0","0","181.5129035098","0","0","0","0","0.0500447941","0","0","0","0","0","280","0","0.1588","0","0","0","0","0.45","0","","","0.19","0","0","22","0","0","4","0","0","0","0","LVQR CHEF Nat 450G","0","","","","","","","","","",""
"0","181.5129035098","0","0","0","0","0.0500447941","0","0","0","0","0","280","0","0.1588","0","0","0","0","0.45","0","","","0.19","0","0","22","0","true","","0","0","0","0","LA VACHE QUI RIT","GROUPE BEL","Sauces fromagéres","450","LVQR SAUCE","179","","","0","0","181.5129035098","0","0","0","0","0.0500447941","0","0","0","0","0","280","0","0.1588","0","0","0","0","0.45","0","","","0.19","0","0","22","0","0","4","0","0","0","0","LVQR CHEF fromages 450G","0","","","","","","","","","",""
"0","181.5129035098","0","0","0","0","0.0500447941","0","0","0","0","0","280","0","0.1588","0","0","0","0","0.45","0","","","0.19","0","0","22","0","true","","0","0","0","0","LA VACHE QUI RIT","GROUPE BEL","Sauces fromagéres","450","LVQR SAUCE","180","","","0","0","181.5129035098","0","0","0","0","0.0500447941","0","0","0","0","0","280","0","0.1588","0","0","0","0","0.45","0","","","0.19","0","0","22","0","0","4","0","0","0","0","LVQR CHEF 3poivres 450G","0","","","","","","","","","",""
"0","80.6724015599","0","0","0","0","0.0500447941","0","0","0","0","0","150","0","0.1588","0","0","0","0","0.2","0","","","0.19","0","0","22","0","true","","0","0","0","0","LA VACHE QUI RIT","GROUPE BEL","Sauces fromagéres","200","LVQR SAUCE","181","","","0","0","80.6724015599","0","0","0","0","0.0500447941","0","0","0","0","0","150","0","0.1588","0","0","0","0","0.2","0","","","0.19","0","0","22","0","0","4","0","0","0","0","LVQR CHEF fromages 200G","0","","","","","","","","","",""
"0","80.6724015599","0","0","0","0","0.0500447941","0","0","0","0","0","150","0","0.1588","0","0","0","0","0.2","0","","","0.19","0","0","22","0","true","","0","0","0","0","LA VACHE QUI RIT","GROUPE BEL","Sauces fromagéres","200","LVQR SAUCE","182","","","0","0","80.6724015599","0","0","0","0","0.0500447941","0","0","0","0","0","150","0","0.1588","0","0","0","0","0.2","0","","","0.19","0","0","22","0","0","4","0","0","0","0","LVQR CHEF 3poivres 200G","0","","","","","","","","","",""
"0","209.8481076348","0","0","0","0","0.0686777347","0","0","0","0","0","400","0","0.1633547315","0","0","0","0","0.48","0","","","0.19","0","0","22","0","true","","0","0","0","0","LA VACHE QUI RIT","GROUPE BEL","SPREAD PORTIONS","480","LVQR PORTIONS","186","","","0","0","209.8481076348","0","0","0","0","0.0686777347","0","0","0","0","0","400","0","0.1633547315","0","0","0","0","0.48","0","","","0.19","0","0","22","0","0","4","0","0","0","0","LVQR ORG 32P 480G","0","","","","","","","","","",""
"0","52.9076674959","0","0","0","0","0.0686777347","0","0","0","0","0","105","0","0.1619111111","0","0","0","0","0.12","0","","","0.19","0","0","22","0","true","","0","0","0","0","LA VACHE QUI RIT","GROUPE BEL","SPREAD PORTIONS","120","LVQR PORTIONS","188","","","0","0","52.9076674959","0","0","0","0","0.0686777347","0","0","0","0","0","105","0","0.1619111111","0","0","0","0","0.12","0","","","0.19","0","0","22","0","0","4","0","0","0","0","LVQR EMTL 8P 120G","0","","","","","","","","","",""
"0","52.9076674959","0","0","0","0","0.0686777347","0","0","0","0","0","105","0","0.1619111111","0","0","0","0","0.12","0","","","0.19","0","0","22","0","true","","0","0","0","0","LA VACHE QUI RIT","GROUPE BEL","SPREAD PORTIONS","120","LVQR PORTIONS","190","","","0","0","52.9076674959","0","0","0","0","0.0686777347","0","0","0","0","0","105","0","0.1619111111","0","0","0","0","0.12","0","","","0.19","0","0","22","0","0","4","0","0","0","0","LVQR EDAM 8P 120G","0","","","","","","","","","",""
"0","43.1230197786","0","0","0","0","0.0725908339","0","0","0","0","0","90","0","0.1848888889","0","0","0","0","0.11","0","","","0.19","0","0","22","0","true","","0","0","0","0","LA VACHE QUI RIT","GROUPE BEL","SPREAD PORTIONS","110","LVQR SIMPLY","191","","","0","0","43.1230197786","0","0","0","0","0.0725908339","0","0","0","0","0","90","0","0.1848888889","0","0","0","0","0.11","0","","","0.19","0","0","22","0","0","4","0","0","0","0","LVQR SIMPLY 8P 110G","0","","","","","","","","","",""
"0","78.6720530535","0","0","0","0","0.0725908339","0","0","0","0","0","160","0","0.17575","0","0","0","0","0.22","0","","","0.19","0","0","22","0","true","","0","0","0","0","LA VACHE QUI RIT","GROUPE BEL","SPREAD PORTIONS","220","LVQR SIMPLY","192","","","0","0","78.6720530535","0","0","0","0","0.0725908339","0","0","0","0","0","160","0","0.17575","0","0","0","0","0.22","0","","","0.19","0","0","22","0","0","4","0","0","0","0","LVQR SIMPLY 16P 220G","0","","","","","","","","","",""
"0","118.3600817837","0","0","0","0","0.0725908339","0","0","0","0","0","240","0","0.1749166667","0","0","0","0","0.33","0","","","0.19","0","0","22","0","true","","0","0","0","0","LA VACHE QUI RIT","GROUPE BEL","SPREAD PORTIONS","330","LVQR SIMPLY","193","","","0","0","118.3600817837","0","0","0","0","0.0725908339","0","0","0","0","0","240","0","0.1749166667","0","0","0","0","0.33","0","","","0.19","0","0","22","0","0","4","0","0","0","0","LVQR SIMPLY 24P 330G","0","","","","","","","","","",""
"0","157.8134423783","0","0","0","0","0.0725908339","0","0","0","0","0","300","0","0.1749166667","0","0","0","0","0.44","0","","","0.19","0","0","22","0","true","","0","0","0","0","LA VACHE QUI RIT","GROUPE BEL","SPREAD PORTIONS","440","LVQR SIMPLY","194","","","0","0","157.8134423783","0","0","0","0","0.0725908339","0","0","0","0","0","300","0","0.1749166667","0","0","0","0","0.44","0","","","0.19","0","0","22","0","0","4","0","0","0","0","LVQR SIMPLY 32P 440G","0","","","","","","","","","",""
"0","62.7787521913","0","0","0","0","0.0837858063","0","0","0","0","0","115","0","0.1528235294","0","0","0","0","0.064","0","","","0.19","0","0","19","0","true","","0","0","0","0","KIRI","GROUPE BEL","SPREAD PORTIONS","64","KIRI CRÈME","231","","","0","0","62.7787521913","0","0","0","0","0.0837858063","0","0","0","0","0","115","0","0.1528235294","0","0","0","0","0.064","0","","","0.19","0","0","19","0","0","4","0","0","0","0","KIRI CREME 4P 64G","0","","","","","","","","","",""
"0","103.0208999146","0","0","0","0","0.0837858063","0","0","0","0","0","170","0","0.1525491423","0","0","0","0","0.12","0","","","0.19","0","0","19","0","true","","0","0","0","0","KIRI","GROUPE BEL","SPREAD AUTRE","120","KIRI TARTINE","236","","","0","0","103.0208999146","0","0","0","0","0.0837858063","0","0","0","0","0","170","0","0.1525491423","0","0","0","0","0.12","0","","","0.19","0","0","19","0","0","4","0","0","0","0","KIRI TARTINE Nat 120G","0","","","","","","","","","",""
"0","103.0208999146","0","0","0","0","0.0837858063","0","0","0","0","0","170","0","0.1525491423","0","0","0","0","0.12","0","","","0.19","0","0","19","0","true","","0","0","0","0","KIRI","GROUPE BEL","SPREAD AUTRE","120","KIRI TARTINE","237","","","0","0","103.0208999146","0","0","0","0","0.0837858063","0","0","0","0","0","170","0","0.1525491423","0","0","0","0","0.12","0","","","0.19","0","0","19","0","0","4","0","0","0","0","KIRI TARTINE AIL/HERBES 120G","0","","","","","","","","","",""
"0","88.2826202689","0","0","0","0","0.0837858063","0","0","0","0","0","170","0","0.1528235294","0","0","0","0","0.09","0","","","0.19","0","0","19","0","true","","0","0","0","0","KIRI","GROUPE BEL","SPREAD PORTIONS","90","KIRI GREEK","238","","","0","0","88.2826202689","0","0","0","0","0.0837858063","0","0","0","0","0","170","0","0.1528235294","0","0","0","0","0.09","0","","","0.19","0","0","19","0","0","4","0","0","0","0","KIRI GREEK 6P 90GR","0","","","","","","","","","",""
"0","155.9126712212","0","0","0","0","0.0654945462","0","0","0","0","0","270","0","0.1694444444","0","0","0","0","0.19","0","","","0.19","0","0","19","0","true","","0","0","0","0","KIRI","GROUPE BEL","SPREAD AUTRE","190","KIRI GREEK","239","","","0","0","155.9126712212","0","0","0","0","0.0654945462","0","0","0","0","0","270","0","0.1694444444","0","0","0","0","0.19","0","","","0.19","0","0","19","0","0","4","0","0","0","0","KIRI GREEK BRQT 190G","0","","","","","","","","","",""
"0","88.2826202689","0","0","0","0","0.0837858063","0","0","0","0","0","120","0","0.1528235294","0","0","0","0","0.09","0","","","0.19","0","0","19","0","true","","0","0","0","0","KIRI","GROUPE BEL","SPREAD PORTIONS","90","KIRI YAOUMI","240","","","0","0","88.2826202689","0","0","0","0","0.0837858063","0","0","0","0","0","120","0","0.1528235294","0","0","0","0","0.09","0","","","0.19","0","0","19","0","0","4","0","0","0","0","KIRI YAOUMI 6P 90G","0","","","","","","","","","",""
"0","58.8550801793","0","0","0","0","0.0837858063","0","0","0","0","0","80","0","0.1528235294","0","0","0","0","0.06","0","","","0.19","0","0","19","0","true","","0","0","0","0","KIRI","GROUPE BEL","SPREAD PORTIONS","60","KIRI YAOUMI","241","","","0","0","58.8550801793","0","0","0","0","0.0837858063","0","0","0","0","0","80","0","0.1528235294","0","0","0","0","0.06","0","","","0.19","0","0","19","0","0","4","0","0","0","0","KIRI YAOUMI 4P 60G","0","","","","","","","","","",""
"0","0","0","0","0","0","0","0","0","0","0","0","120","0","0","0","0","0","0","0.125","0","","","0.19","0","0","20","0","","","0","0","0","0","FONDELICE","procheese","SPREAD AUTRE","125","FONDELICE","244","","","0","0","0","0","0","0","0","0","0","0","0","0","0","120","0","0","0","0","0","0","0.125","0","","","0.19","0","0","20","0","0","4","0","0","0","0","FONDELICE CHED 125G","0","","","","","","","","","",""
"0","0","0","0","0","0","0","0","0","0","0","0","110","0","0","0","0","0","0","0.125","0","","","0.19","0","0","20","0","","","0","0","0","0","FONDELICE","procheese","SPREAD AUTRE","125","FONDELICE","245","","","0","0","0","0","0","0","0","0","0","0","0","0","0","110","0","0","0","0","0","0","0.125","0","","","0.19","0","0","20","0","0","4","0","0.0141757097","0","0","FONDELICE Alg. 125G","0","","","","","","","","","",""
"0","0","0","0","0","0","0","0","0","0","0","0","110","0","0","0","0","0","0","0.125","0","","","0.19","0","0","20","0","","","0","0","0","0","FONDELICE","procheese","SPREAD AUTRE","125","FONDELICE","246","","","0","0","0","0","0","0","0","0","0","0","0","0","0","110","0","0","0","0","0","0","0.125","0","","","0.19","0","0","20","0","0","4","0","0.3591609358","0","0","FONDELICE GRILLE 125G","0","","","","","","","","","",""
"0","0","0","0","0","0","0","0","0","0","0","0","205","0","0","0","0","0","0","0.34","0","","","0.19","0","0","20","0","","","0","0","0","0","FONDELICE","procheese","SPREAD AUTRE","340","FONDELICE","247","","","0","0","0","0","0","0","0","0","0","0","0","0","0","205","0","0","0","0","0","0","0.34","0","","","0.19","0","0","20","0","0","4","0","0.0306389496","0","0","FONDELICE EMTL 340G","0","","","","","","","","","",""
"0","0","0","0","0","0","0","0","0","0","0","0","175","0","0","0","0","0","0","0.34","0","","","0.19","0","0","20","0","","","0","0","0","0","FONDELICE","procheese","SPREAD AUTRE","340","FONDELICE","248","","","0","0","0","0","0","0","0","0","0","0","0","0","0","175","0","0","0","0","0","0","0.34","0","","","0.19","0","0","20","0","0","4","0","0.1026233603","0","0","FONDELICE Nat 340G","0","","","","","","","","","",""
"0","0","0","0","0","0","0","0","0","0","0","0","190","0","0","0","0","0","0","0.34","0","","","0.19","0","0","20","0","","","0","0","0","0","FONDELICE","procheese","SPREAD AUTRE","340","FONDELICE","249","","","0","0","0","0","0","0","0","0","0","0","0","0","0","190","0","0","0","0","0","0","0.34","0","","","0.19","0","0","20","0","0","4","0","0.0313840875","0","0","FONDELICE AIL/Herbes 340G","0","","","","","","","","","",""